24_1ecbplus.xml,44,24_2ecbplus.xml,45,24_5ecbplus.xml,57,24_6ecbplus.xml,46,24_7ecbplus.xml,47,24_8ecbplus.xml,42,24_10ecbplus.xml,49
43_12ecbplus.xml,53,43_15ecbplus.xml,58,43_1ecbplus.xml,67,43_15ecbplus.xml,4,43_15ecbplus.xml,8,43_15ecbplus.xml,28,43_3ecbplus.xml,51,43_3ecbplus.xml,74,43_1ecbplus.xml,3,43_5ecbplus.xml,98,43_5ecbplus.xml,79,43_6ecbplus.xml,45,43_2ecbplus.xml,3,43_15ecbplus.xml,3,43_2ecbplus.xml,7,43_3ecbplus.xml,57,43_3ecbplus.xml,65,43_3ecbplus.xml,3,43_3ecbplus.xml,78,43_4ecbplus.xml,4,43_4ecbplus.xml,2,43_5ecbplus.xml,89,43_5ecbplus.xml,10,43_5ecbplus.xml,9,43_5ecbplus.xml,88,43_5ecbplus.xml,101,43_5ecbplus.xml,3,43_3ecbplus.xml,33,43_6ecbplus.xml,5,43_6ecbplus.xml,9,43_6ecbplus.xml,2,43_7ecbplus.xml,70,43_7ecbplus.xml,89,43_7ecbplus.xml,91,43_8ecbplus.xml,47,43_8ecbplus.xml,2,43_1ecbplus.xml,8,43_8ecbplus.xml,5,43_8ecbplus.xml,12,43_9ecbplus.xml,11,43_9ecbplus.xml,3,43_9ecbplus.xml,36,43_9ecbplus.xml,9,43_11ecbplus.xml,28,43_15ecbplus.xml,57,43_3ecbplus.xml,69,43_5ecbplus.xml,82,43_5ecbplus.xml,42,43_3ecbplus.xml,29,43_8ecbplus.xml,24,43_15ecbplus.xml,43,43_15ecbplus.xml,10,43_5ecbplus.xml,12,43_7ecbplus.xml,6,43_7ecbplus.xml,76,43_2ecbplus.xml,2,43_8ecbplus.xml,42,43_15ecbplus.xml,54,43_1ecbplus.xml,10,43_11ecbplus.xml,7,43_2ecbplus.xml,107,43_10ecbplus.xml,57,43_10ecbplus.xml,59,43_11ecbplus.xml,44,43_12ecbplus.xml,51,43_12ecbplus.xml,64,43_14ecbplus.xml,47,43_3ecbplus.xml,64,43_15ecbplus.xml,42,43_15ecbplus.xml,41,43_4ecbplus.xml,25,43_5ecbplus.xml,84,43_5ecbplus.xml,78,43_6ecbplus.xml,26,43_9ecbplus.xml,32,43_10ecbplus.xml,8,43_10ecbplus.xml,9,43_10ecbplus.xml,12,43_10ecbplus.xml,7,43_10ecbplus.xml,13,43_10ecbplus.xml,2,43_10ecbplus.xml,4,43_10ecbplus.xml,51,43_11ecbplus.xml,2,43_1ecbplus.xml,5,43_11ecbplus.xml,5,43_11ecbplus.xml,117,43_12ecbplus.xml,4,43_12ecbplus.xml,55,43_12ecbplus.xml,68,43_13ecbplus.xml,2,43_13ecbplus.xml,8,43_13ecbplus.xml,4,43_14ecbplus.xml,6,43_14ecbplus.xml,56,43_14ecbplus.xml,28,43_14ecbplus.xml,59,43_14ecbplus.xml,63
32_4ecbplus.xml,3,32_6ecbplus.xml,1,32_1ecbplus.xml,42,32_11ecbplus.xml,9,32_6ecbplus.xml,5,32_7ecbplus.xml,1,32_7ecbplus.xml,4,32_10ecbplus.xml,30,32_10ecbplus.xml,33,32_10ecbplus.xml,31,32_10ecbplus.xml,32,32_11ecbplus.xml,25,32_3ecbplus.xml,94,32_4ecbplus.xml,53,32_4ecbplus.xml,47,32_4ecbplus.xml,40,32_5ecbplus.xml,109,32_5ecbplus.xml,99,32_6ecbplus.xml,37,32_9ecbplus.xml,43,32_2ecbplus.xml,73,32_2ecbplus.xml,80,32_10ecbplus.xml,4,32_10ecbplus.xml,1,32_9ecbplus.xml,38,32_9ecbplus.xml,39
42_10ecbplus.xml,6,42_10ecbplus.xml,5,42_10ecbplus.xml,8,42_1ecbplus.xml,9,42_1ecbplus.xml,12,42_1ecbplus.xml,11,42_2ecbplus.xml,5,42_1ecbplus.xml,40,42_7ecbplus.xml,22,42_3ecbplus.xml,3,42_9ecbplus.xml,15,42_3ecbplus.xml,4,42_4ecbplus.xml,14,42_4ecbplus.xml,10,42_4ecbplus.xml,11,42_5ecbplus.xml,6,42_5ecbplus.xml,5,42_6ecbplus.xml,9,42_6ecbplus.xml,10,42_7ecbplus.xml,20,42_7ecbplus.xml,33,42_7ecbplus.xml,32,42_7ecbplus.xml,36,42_7ecbplus.xml,19,42_8ecbplus.xml,4,42_1ecbplus.xml,10,42_1ecbplus.xml,59,42_9ecbplus.xml,45,42_9ecbplus.xml,40,42_4ecbplus.xml,12,42_5ecbplus.xml,7,42_6ecbplus.xml,11,42_7ecbplus.xml,37,42_8ecbplus.xml,3,42_9ecbplus.xml,26,42_2ecbplus.xml,36,42_2ecbplus.xml,34,42_3ecbplus.xml,8,42_2ecbplus.xml,4,42_9ecbplus.xml,21,42_3ecbplus.xml,9
43_2ecbplus.xml,5,43_3ecbplus.xml,56,43_3ecbplus.xml,72,43_3ecbplus.xml,5,43_3ecbplus.xml,2,43_3ecbplus.xml,1,43_4ecbplus.xml,1,43_5ecbplus.xml,11,43_5ecbplus.xml,8,43_5ecbplus.xml,5,43_5ecbplus.xml,13,43_5ecbplus.xml,1,43_6ecbplus.xml,1,43_6ecbplus.xml,8,43_6ecbplus.xml,7,43_7ecbplus.xml,75,43_7ecbplus.xml,1,43_8ecbplus.xml,48,43_8ecbplus.xml,1,43_9ecbplus.xml,10,43_9ecbplus.xml,8,43_9ecbplus.xml,1,43_9ecbplus.xml,2,43_10ecbplus.xml,11,43_10ecbplus.xml,3,43_10ecbplus.xml,6,43_10ecbplus.xml,15,43_10ecbplus.xml,1,43_10ecbplus.xml,50,43_11ecbplus.xml,12,43_11ecbplus.xml,119,43_11ecbplus.xml,1,43_12ecbplus.xml,3,43_12ecbplus.xml,1,43_13ecbplus.xml,1,43_13ecbplus.xml,5,43_13ecbplus.xml,3,43_14ecbplus.xml,30,43_14ecbplus.xml,1,43_14ecbplus.xml,4,43_15ecbplus.xml,6,43_15ecbplus.xml,7,43_15ecbplus.xml,1,43_15ecbplus.xml,9,43_1ecbplus.xml,2,43_1ecbplus.xml,13,43_1ecbplus.xml,6,43_1ecbplus.xml,7,43_1ecbplus.xml,1,43_1ecbplus.xml,73,43_1ecbplus.xml,14,43_1ecbplus.xml,9,43_2ecbplus.xml,4,43_2ecbplus.xml,1
37_10ecbplus.xml,76,37_13ecbplus.xml,49,37_1ecbplus.xml,74,37_4ecbplus.xml,62,37_9ecbplus.xml,41,37_3ecbplus.xml,71,37_1ecbplus.xml,39
24_11ecbplus.xml,18,24_1ecbplus.xml,32,24_2ecbplus.xml,20,24_10ecbplus.xml,22,24_10ecbplus.xml,31,24_10ecbplus.xml,23,24_11ecbplus.xml,12,24_11ecbplus.xml,11,24_11ecbplus.xml,15,24_1ecbplus.xml,17,24_1ecbplus.xml,20,24_2ecbplus.xml,18,24_2ecbplus.xml,14,24_4ecbplus.xml,13,24_6ecbplus.xml,44,24_3ecbplus.xml,23,24_2ecbplus.xml,13,24_5ecbplus.xml,38,24_6ecbplus.xml,21,24_6ecbplus.xml,15,24_6ecbplus.xml,18,24_7ecbplus.xml,25,24_7ecbplus.xml,20,24_8ecbplus.xml,30,24_8ecbplus.xml,34,24_8ecbplus.xml,22,24_9ecbplus.xml,17,24_9ecbplus.xml,21,24_11ecbplus.xml,24,24_1ecbplus.xml,36,24_2ecbplus.xml,43,24_4ecbplus.xml,32,24_5ecbplus.xml,47,24_4ecbplus.xml,30,24_6ecbplus.xml,34,24_7ecbplus.xml,15,24_7ecbplus.xml,16,24_8ecbplus.xml,25,24_8ecbplus.xml,16,24_3ecbplus.xml,19,24_10ecbplus.xml,35,24_6ecbplus.xml,25,24_10ecbplus.xml,38,24_11ecbplus.xml,21,24_1ecbplus.xml,29,24_2ecbplus.xml,34,24_3ecbplus.xml,18,24_3ecbplus.xml,17,24_4ecbplus.xml,11,24_5ecbplus.xml,27,24_5ecbplus.xml,22,24_6ecbplus.xml,30,24_6ecbplus.xml,28,24_7ecbplus.xml,36,24_8ecbplus.xml,14,24_8ecbplus.xml,12,24_9ecbplus.xml,28,24_9ecbplus.xml,29,24_9ecbplus.xml,30,24_2ecbplus.xml,21
38_10ecbplus.xml,21,38_1ecbplus.xml,19,38_2ecbplus.xml,22,38_3ecbplus.xml,13,38_5ecbplus.xml,13,38_6ecbplus.xml,17,38_7ecbplus.xml,20,38_8ecbplus.xml,15,38_9ecbplus.xml,14
37_10ecbplus.xml,16,37_10ecbplus.xml,7,37_10ecbplus.xml,15,37_10ecbplus.xml,9,37_11ecbplus.xml,18,37_11ecbplus.xml,14,37_11ecbplus.xml,9,37_12ecbplus.xml,12,37_12ecbplus.xml,14,37_12ecbplus.xml,25,37_12ecbplus.xml,24,37_13ecbplus.xml,10,37_13ecbplus.xml,12,37_13ecbplus.xml,54,37_14ecbplus.xml,53,37_14ecbplus.xml,8,37_14ecbplus.xml,51,37_1ecbplus.xml,45,37_1ecbplus.xml,66,37_1ecbplus.xml,46,37_2ecbplus.xml,13,37_2ecbplus.xml,11,37_2ecbplus.xml,18,37_3ecbplus.xml,13,37_3ecbplus.xml,18,37_3ecbplus.xml,27,37_3ecbplus.xml,9,37_3ecbplus.xml,15,37_4ecbplus.xml,49,37_4ecbplus.xml,31,37_4ecbplus.xml,37,37_5ecbplus.xml,24,37_5ecbplus.xml,21,37_5ecbplus.xml,15,37_5ecbplus.xml,17,37_6ecbplus.xml,25,37_6ecbplus.xml,11,37_6ecbplus.xml,19,37_6ecbplus.xml,13,37_7ecbplus.xml,13,37_7ecbplus.xml,17,37_7ecbplus.xml,19,37_7ecbplus.xml,21,37_8ecbplus.xml,7,37_8ecbplus.xml,9,37_8ecbplus.xml,11,37_9ecbplus.xml,23,37_9ecbplus.xml,16,37_9ecbplus.xml,19,37_10ecbplus.xml,75,37_1ecbplus.xml,73,37_4ecbplus.xml,63,37_9ecbplus.xml,42,37_10ecbplus.xml,2,37_10ecbplus.xml,3,37_10ecbplus.xml,67,37_10ecbplus.xml,4,37_11ecbplus.xml,1,37_11ecbplus.xml,3,37_11ecbplus.xml,2,37_12ecbplus.xml,2,37_12ecbplus.xml,1,37_13ecbplus.xml,2,37_13ecbplus.xml,1,37_14ecbplus.xml,1,37_1ecbplus.xml,2,37_1ecbplus.xml,1,37_2ecbplus.xml,3,37_2ecbplus.xml,4,37_2ecbplus.xml,2,37_2ecbplus.xml,1,37_3ecbplus.xml,1,37_3ecbplus.xml,3,37_4ecbplus.xml,2,37_4ecbplus.xml,3,37_4ecbplus.xml,1,37_5ecbplus.xml,2,37_5ecbplus.xml,1,37_6ecbplus.xml,57,37_6ecbplus.xml,1,37_7ecbplus.xml,1,37_7ecbplus.xml,2,37_8ecbplus.xml,1,37_9ecbplus.xml,2,37_9ecbplus.xml,3,37_9ecbplus.xml,1,37_11ecbplus.xml,44,37_4ecbplus.xml,46,37_9ecbplus.xml,43,37_14ecbplus.xml,2,37_3ecbplus.xml,2,37_10ecbplus.xml,65,37_10ecbplus.xml,20,37_13ecbplus.xml,50,37_1ecbplus.xml,51,37_4ecbplus.xml,44,37_9ecbplus.xml,18,37_10ecbplus.xml,38,37_10ecbplus.xml,52,37_11ecbplus.xml,34,37_13ecbplus.xml,9,37_14ecbplus.xml,24,37_1ecbplus.xml,55,37_4ecbplus.xml,53,37_9ecbplus.xml,30
24_5ecbplus.xml,17,24_6ecbplus.xml,12,24_7ecbplus.xml,10,24_8ecbplus.xml,28,24_2ecbplus.xml,10,24_4ecbplus.xml,5,24_5ecbplus.xml,9,24_11ecbplus.xml,10,24_1ecbplus.xml,9,24_2ecbplus.xml,7
30_10ecbplus.xml,79,30_10ecbplus.xml,83,30_13ecbplus.xml,83,30_1ecbplus.xml,53,30_9ecbplus.xml,106,30_10ecbplus.xml,65,30_10ecbplus.xml,1,30_10ecbplus.xml,36,30_10ecbplus.xml,2,30_11ecbplus.xml,1,30_11ecbplus.xml,6,30_11ecbplus.xml,3,30_12ecbplus.xml,1,30_12ecbplus.xml,2,30_13ecbplus.xml,1,30_13ecbplus.xml,6,30_13ecbplus.xml,5,30_13ecbplus.xml,2,30_1ecbplus.xml,2,30_1ecbplus.xml,1,30_1ecbplus.xml,55,30_1ecbplus.xml,3,30_6ecbplus.xml,1,30_6ecbplus.xml,60,30_6ecbplus.xml,61,30_6ecbplus.xml,47,30_6ecbplus.xml,3,30_7ecbplus.xml,1,30_7ecbplus.xml,3,30_7ecbplus.xml,29,30_8ecbplus.xml,69,30_8ecbplus.xml,1,30_8ecbplus.xml,70,30_8ecbplus.xml,2,30_9ecbplus.xml,108,30_9ecbplus.xml,5,30_9ecbplus.xml,62
25_15ecbplus.xml,25,25_10ecbplus.xml,14,25_11ecbplus.xml,25,25_15ecbplus.xml,26,25_15ecbplus.xml,24,25_3ecbplus.xml,41,25_3ecbplus.xml,23,25_5ecbplus.xml,25,25_6ecbplus.xml,22,25_7ecbplus.xml,20,25_9ecbplus.xml,29,25_10ecbplus.xml,12,25_10ecbplus.xml,23,25_11ecbplus.xml,8,25_13ecbplus.xml,4,25_13ecbplus.xml,14,25_14ecbplus.xml,5,25_3ecbplus.xml,20,25_5ecbplus.xml,18,25_5ecbplus.xml,19,25_6ecbplus.xml,19,25_6ecbplus.xml,21,25_6ecbplus.xml,20,25_7ecbplus.xml,5,25_8ecbplus.xml,19,25_8ecbplus.xml,18,25_9ecbplus.xml,7,25_9ecbplus.xml,6,25_11ecbplus.xml,9,25_15ecbplus.xml,16,25_3ecbplus.xml,21,25_7ecbplus.xml,6,25_9ecbplus.xml,9,25_11ecbplus.xml,13
37_14ecbplus.xml,11,37_1ecbplus.xml,44,37_1ecbplus.xml,49,37_2ecbplus.xml,16,37_3ecbplus.xml,17,37_3ecbplus.xml,10,37_4ecbplus.xml,48,37_4ecbplus.xml,41,37_5ecbplus.xml,14,37_5ecbplus.xml,20,37_6ecbplus.xml,18,37_7ecbplus.xml,14,37_8ecbplus.xml,8,37_8ecbplus.xml,49,37_9ecbplus.xml,21,37_9ecbplus.xml,26,37_10ecbplus.xml,17,37_12ecbplus.xml,15,37_13ecbplus.xml,15
28_10ecbplus.xml,31,28_4ecbplus.xml,4,28_5ecbplus.xml,33,28_6ecbplus.xml,3,28_7ecbplus.xml,47,28_8ecbplus.xml,28,28_9ecbplus.xml,40
24_8ecbplus.xml,3,24_8ecbplus.xml,6,24_9ecbplus.xml,1,24_11ecbplus.xml,7,24_11ecbplus.xml,4,24_1ecbplus.xml,2,24_1ecbplus.xml,6,24_2ecbplus.xml,4,24_2ecbplus.xml,1,24_5ecbplus.xml,14,24_6ecbplus.xml,9,24_6ecbplus.xml,6,24_6ecbplus.xml,4,24_7ecbplus.xml,7,24_7ecbplus.xml,3
40_11ecbplus.xml,50,40_10ecbplus.xml,40,40_10ecbplus.xml,44,40_11ecbplus.xml,7,40_1ecbplus.xml,2,40_1ecbplus.xml,1,40_2ecbplus.xml,8,40_2ecbplus.xml,10,40_3ecbplus.xml,2,40_3ecbplus.xml,1,40_4ecbplus.xml,1,40_4ecbplus.xml,3,40_4ecbplus.xml,2,40_5ecbplus.xml,2,40_5ecbplus.xml,1,40_6ecbplus.xml,3,40_6ecbplus.xml,1,40_6ecbplus.xml,2,40_6ecbplus.xml,37,40_7ecbplus.xml,1,40_7ecbplus.xml,2,40_8ecbplus.xml,2,40_8ecbplus.xml,1,40_9ecbplus.xml,2,40_9ecbplus.xml,1
26_10ecbplus.xml,16,26_10ecbplus.xml,15,26_11ecbplus.xml,26,26_11ecbplus.xml,23,26_11ecbplus.xml,27,26_1ecbplus.xml,41,26_1ecbplus.xml,40,26_2ecbplus.xml,24,26_2ecbplus.xml,35,26_3ecbplus.xml,18,26_3ecbplus.xml,17,26_3ecbplus.xml,15,26_5ecbplus.xml,5,26_6ecbplus.xml,12,26_7ecbplus.xml,23,26_7ecbplus.xml,21,26_8ecbplus.xml,25,26_8ecbplus.xml,26,26_8ecbplus.xml,23,26_9ecbplus.xml,37,26_9ecbplus.xml,16,26_4ecbplus.xml,42
28_10ecbplus.xml,62,28_10ecbplus.xml,32,28_11ecbplus.xml,21,28_12ecbplus.xml,40,28_12ecbplus.xml,35,28_1ecbplus.xml,69,28_2ecbplus.xml,5,28_2ecbplus.xml,2,28_3ecbplus.xml,35,28_3ecbplus.xml,39,28_4ecbplus.xml,5,28_4ecbplus.xml,10,28_4ecbplus.xml,2,28_5ecbplus.xml,34,28_5ecbplus.xml,37,28_6ecbplus.xml,52,28_6ecbplus.xml,4,28_7ecbplus.xml,42,28_7ecbplus.xml,51,28_7ecbplus.xml,48,28_8ecbplus.xml,29,28_8ecbplus.xml,32,28_9ecbplus.xml,91,28_9ecbplus.xml,47,28_9ecbplus.xml,41
33_1ecbplus.xml,63,33_3ecbplus.xml,68,33_7ecbplus.xml,124,33_10ecbplus.xml,5,33_11ecbplus.xml,7,33_1ecbplus.xml,54,33_3ecbplus.xml,3,33_2ecbplus.xml,19
32_6ecbplus.xml,20,32_6ecbplus.xml,23,32_7ecbplus.xml,16,32_7ecbplus.xml,14,32_8ecbplus.xml,40,32_8ecbplus.xml,26,32_8ecbplus.xml,62,32_8ecbplus.xml,34,32_9ecbplus.xml,14,32_9ecbplus.xml,10,32_10ecbplus.xml,50,32_10ecbplus.xml,20,32_11ecbplus.xml,27,32_11ecbplus.xml,28,32_1ecbplus.xml,29,32_2ecbplus.xml,52,32_2ecbplus.xml,66,32_2ecbplus.xml,55,32_3ecbplus.xml,93,32_3ecbplus.xml,9,32_4ecbplus.xml,52,32_4ecbplus.xml,15,32_5ecbplus.xml,17,32_5ecbplus.xml,110,32_6ecbplus.xml,22
43_3ecbplus.xml,37,43_3ecbplus.xml,54,43_3ecbplus.xml,62,43_4ecbplus.xml,11,43_5ecbplus.xml,6,43_6ecbplus.xml,3,43_6ecbplus.xml,10,43_6ecbplus.xml,4,43_9ecbplus.xml,4,43_14ecbplus.xml,62,43_3ecbplus.xml,30,43_3ecbplus.xml,39,43_3ecbplus.xml,75,43_11ecbplus.xml,41,43_7ecbplus.xml,5,43_12ecbplus.xml,52,43_11ecbplus.xml,6,43_14ecbplus.xml,9,43_15ecbplus.xml,5,43_3ecbplus.xml,60
34_10ecbplus.xml,65,34_10ecbplus.xml,62,34_10ecbplus.xml,63,34_11ecbplus.xml,70,34_11ecbplus.xml,69,34_12ecbplus.xml,70,34_12ecbplus.xml,62,34_1ecbplus.xml,80,34_1ecbplus.xml,81,34_1ecbplus.xml,79,34_2ecbplus.xml,124,34_2ecbplus.xml,125,34_3ecbplus.xml,24,34_3ecbplus.xml,23,34_4ecbplus.xml,58,34_4ecbplus.xml,60,34_4ecbplus.xml,59,34_5ecbplus.xml,85,34_6ecbplus.xml,78,34_6ecbplus.xml,72,34_6ecbplus.xml,71,34_7ecbplus.xml,55,34_7ecbplus.xml,54,34_8ecbplus.xml,32,34_8ecbplus.xml,31,34_9ecbplus.xml,74,34_9ecbplus.xml,73,34_9ecbplus.xml,75
33_10ecbplus.xml,1,33_10ecbplus.xml,8,33_11ecbplus.xml,14,33_11ecbplus.xml,17,33_1ecbplus.xml,45,33_1ecbplus.xml,49,33_2ecbplus.xml,21,33_3ecbplus.xml,24,33_3ecbplus.xml,82,33_3ecbplus.xml,97,33_4ecbplus.xml,4,33_4ecbplus.xml,15,33_5ecbplus.xml,10,33_5ecbplus.xml,3,33_5ecbplus.xml,6,33_6ecbplus.xml,57,33_6ecbplus.xml,40,33_7ecbplus.xml,16,33_7ecbplus.xml,3,33_8ecbplus.xml,11,33_9ecbplus.xml,8,33_9ecbplus.xml,2
43_10ecbplus.xml,24,43_11ecbplus.xml,19,43_12ecbplus.xml,14,43_12ecbplus.xml,10,43_13ecbplus.xml,9,43_14ecbplus.xml,18,43_14ecbplus.xml,13,43_14ecbplus.xml,12,43_14ecbplus.xml,14,43_1ecbplus.xml,22,43_1ecbplus.xml,21,43_2ecbplus.xml,15,43_2ecbplus.xml,30,43_3ecbplus.xml,20,43_4ecbplus.xml,9,43_5ecbplus.xml,43,43_6ecbplus.xml,21,43_7ecbplus.xml,36,43_7ecbplus.xml,13,43_8ecbplus.xml,23,43_8ecbplus.xml,6
37_10ecbplus.xml,8,37_11ecbplus.xml,19,37_11ecbplus.xml,12,37_11ecbplus.xml,10,37_11ecbplus.xml,15,37_12ecbplus.xml,9,37_12ecbplus.xml,7,37_13ecbplus.xml,14,37_13ecbplus.xml,16,37_14ecbplus.xml,9,37_14ecbplus.xml,13,37_1ecbplus.xml,52,37_2ecbplus.xml,14,37_2ecbplus.xml,12,37_3ecbplus.xml,19,37_4ecbplus.xml,30,37_5ecbplus.xml,19,37_6ecbplus.xml,20,37_7ecbplus.xml,18
35_4ecbplus.xml,9,35_10ecbplus.xml,14,35_10ecbplus.xml,11,35_10ecbplus.xml,107,35_11ecbplus.xml,15,35_1ecbplus.xml,116,35_1ecbplus.xml,14,35_1ecbplus.xml,13,35_2ecbplus.xml,16,35_3ecbplus.xml,79,35_3ecbplus.xml,24,35_3ecbplus.xml,53,35_4ecbplus.xml,11,35_4ecbplus.xml,8,35_5ecbplus.xml,9,35_5ecbplus.xml,24,35_6ecbplus.xml,23,35_7ecbplus.xml,11,35_7ecbplus.xml,74,35_8ecbplus.xml,5,35_9ecbplus.xml,16
27_6ecbplus.xml,25,27_4ecbplus.xml,3,27_7ecbplus.xml,20,27_11ecbplus.xml,12,27_9ecbplus.xml,86,27_6ecbplus.xml,6,27_9ecbplus.xml,45,27_9ecbplus.xml,46,27_8ecbplus.xml,15,27_1ecbplus.xml,19,27_10ecbplus.xml,8,27_6ecbplus.xml,7,27_10ecbplus.xml,88,27_11ecbplus.xml,21,27_11ecbplus.xml,39,27_11ecbplus.xml,49,27_11ecbplus.xml,105,27_5ecbplus.xml,29,27_5ecbplus.xml,15,27_1ecbplus.xml,47,27_2ecbplus.xml,30,27_7ecbplus.xml,35,27_1ecbplus.xml,28,27_10ecbplus.xml,94,27_4ecbplus.xml,96,27_4ecbplus.xml,97,27_4ecbplus.xml,99,27_5ecbplus.xml,45,27_8ecbplus.xml,32
39_3ecbplus.xml,1,39_4ecbplus.xml,5,39_4ecbplus.xml,3,39_4ecbplus.xml,1,39_5ecbplus.xml,7,39_5ecbplus.xml,11,39_5ecbplus.xml,1,39_6ecbplus.xml,5,39_6ecbplus.xml,3,39_7ecbplus.xml,1,39_7ecbplus.xml,3,39_8ecbplus.xml,1,39_8ecbplus.xml,4,39_8ecbplus.xml,6,39_9ecbplus.xml,7,39_9ecbplus.xml,1,39_9ecbplus.xml,3,39_10ecbplus.xml,3,39_10ecbplus.xml,1,39_10ecbplus.xml,8,39_11ecbplus.xml,1,39_11ecbplus.xml,7,39_1ecbplus.xml,9,39_1ecbplus.xml,4,39_2ecbplus.xml,1,39_2ecbplus.xml,23,39_3ecbplus.xml,8
32_2ecbplus.xml,3,32_3ecbplus.xml,46,32_4ecbplus.xml,5,32_4ecbplus.xml,51,32_5ecbplus.xml,53,32_6ecbplus.xml,3,32_6ecbplus.xml,6,32_7ecbplus.xml,7,32_8ecbplus.xml,4,32_9ecbplus.xml,41,32_10ecbplus.xml,3,32_10ecbplus.xml,5,32_11ecbplus.xml,5,32_1ecbplus.xml,3,32_1ecbplus.xml,10
42_9ecbplus.xml,58,42_9ecbplus.xml,60,42_8ecbplus.xml,16,42_9ecbplus.xml,56,42_10ecbplus.xml,1,42_10ecbplus.xml,2,42_1ecbplus.xml,1,42_1ecbplus.xml,3,42_1ecbplus.xml,2,42_2ecbplus.xml,2,42_2ecbplus.xml,1,42_3ecbplus.xml,5,42_3ecbplus.xml,2,42_3ecbplus.xml,1,42_4ecbplus.xml,15,42_4ecbplus.xml,1,42_5ecbplus.xml,2,42_5ecbplus.xml,1,42_6ecbplus.xml,2,42_6ecbplus.xml,1,42_7ecbplus.xml,1,42_7ecbplus.xml,5,42_7ecbplus.xml,4,42_7ecbplus.xml,2,42_8ecbplus.xml,2,42_8ecbplus.xml,1,42_8ecbplus.xml,11
29_11ecbplus.xml,58,29_2ecbplus.xml,96,29_2ecbplus.xml,89,29_2ecbplus.xml,98,29_3ecbplus.xml,24,29_4ecbplus.xml,57,29_4ecbplus.xml,56,29_4ecbplus.xml,69,29_7ecbplus.xml,30,29_8ecbplus.xml,57,29_8ecbplus.xml,25,29_11ecbplus.xml,59,29_12ecbplus.xml,20,29_13ecbplus.xml,20,29_2ecbplus.xml,94,29_3ecbplus.xml,56,29_3ecbplus.xml,26,29_4ecbplus.xml,67,29_10ecbplus.xml,30,29_11ecbplus.xml,14
29_1ecbplus.xml,36,29_1ecbplus.xml,28,29_2ecbplus.xml,86,29_2ecbplus.xml,87,29_3ecbplus.xml,55,29_3ecbplus.xml,50,29_3ecbplus.xml,16,29_4ecbplus.xml,54,29_4ecbplus.xml,55,29_4ecbplus.xml,16,29_5ecbplus.xml,43,29_5ecbplus.xml,64,29_5ecbplus.xml,29,29_6ecbplus.xml,63,29_6ecbplus.xml,64,29_7ecbplus.xml,31,29_7ecbplus.xml,67,29_8ecbplus.xml,20,29_8ecbplus.xml,54,29_9ecbplus.xml,64,29_9ecbplus.xml,14,29_9ecbplus.xml,42,29_10ecbplus.xml,71,29_10ecbplus.xml,70,29_11ecbplus.xml,63,29_11ecbplus.xml,60,29_11ecbplus.xml,64,29_13ecbplus.xml,14,29_1ecbplus.xml,67
28_2ecbplus.xml,14,28_4ecbplus.xml,38,28_7ecbplus.xml,10,28_8ecbplus.xml,12,28_9ecbplus.xml,23,28_10ecbplus.xml,1,28_10ecbplus.xml,2,28_10ecbplus.xml,6,28_10ecbplus.xml,4,28_10ecbplus.xml,85,28_11ecbplus.xml,4,28_11ecbplus.xml,2,28_11ecbplus.xml,1,28_12ecbplus.xml,21,28_12ecbplus.xml,2,28_12ecbplus.xml,7,28_12ecbplus.xml,6,28_12ecbplus.xml,14,28_12ecbplus.xml,1,28_12ecbplus.xml,94,28_12ecbplus.xml,23,28_12ecbplus.xml,104,28_12ecbplus.xml,19,28_12ecbplus.xml,25,28_12ecbplus.xml,11,28_12ecbplus.xml,27,28_12ecbplus.xml,10,28_1ecbplus.xml,5,28_1ecbplus.xml,8,28_2ecbplus.xml,176,28_2ecbplus.xml,12,28_2ecbplus.xml,9,28_2ecbplus.xml,10,28_3ecbplus.xml,123,28_3ecbplus.xml,2,28_3ecbplus.xml,4,28_3ecbplus.xml,1,28_4ecbplus.xml,40,28_4ecbplus.xml,30,28_4ecbplus.xml,89,28_4ecbplus.xml,29,28_5ecbplus.xml,91,28_5ecbplus.xml,154,28_5ecbplus.xml,5,28_5ecbplus.xml,2,28_6ecbplus.xml,25,28_6ecbplus.xml,22,28_6ecbplus.xml,74,28_6ecbplus.xml,29,28_7ecbplus.xml,45,28_7ecbplus.xml,11,28_7ecbplus.xml,1,28_7ecbplus.xml,4,28_7ecbplus.xml,117,28_8ecbplus.xml,77,28_8ecbplus.xml,4,28_8ecbplus.xml,6,28_8ecbplus.xml,5,28_8ecbplus.xml,11,28_8ecbplus.xml,25,28_9ecbplus.xml,79,28_9ecbplus.xml,80,28_9ecbplus.xml,102,28_9ecbplus.xml,33,28_9ecbplus.xml,104
29_4ecbplus.xml,12,29_5ecbplus.xml,15,29_5ecbplus.xml,20,29_5ecbplus.xml,17,29_6ecbplus.xml,34,29_6ecbplus.xml,5,29_7ecbplus.xml,17,29_7ecbplus.xml,12,29_7ecbplus.xml,15,29_7ecbplus.xml,19,29_8ecbplus.xml,9,29_8ecbplus.xml,7,29_9ecbplus.xml,29,29_9ecbplus.xml,28,29_10ecbplus.xml,9,29_10ecbplus.xml,15,29_11ecbplus.xml,31,29_12ecbplus.xml,12,29_12ecbplus.xml,54,29_1ecbplus.xml,14,29_1ecbplus.xml,12,29_1ecbplus.xml,16,29_2ecbplus.xml,14,29_2ecbplus.xml,16,29_3ecbplus.xml,42,29_3ecbplus.xml,29,29_4ecbplus.xml,11
39_3ecbplus.xml,65,39_5ecbplus.xml,38,39_5ecbplus.xml,45,39_6ecbplus.xml,52,39_7ecbplus.xml,36,39_10ecbplus.xml,6,39_11ecbplus.xml,6,39_11ecbplus.xml,13,39_1ecbplus.xml,63,39_2ecbplus.xml,6,39_3ecbplus.xml,2,39_4ecbplus.xml,6,39_4ecbplus.xml,45,39_4ecbplus.xml,2,39_5ecbplus.xml,5,39_6ecbplus.xml,4,39_7ecbplus.xml,4,39_7ecbplus.xml,2,39_8ecbplus.xml,3,39_8ecbplus.xml,5,39_10ecbplus.xml,64,39_7ecbplus.xml,35,39_6ecbplus.xml,58,39_10ecbplus.xml,4,39_1ecbplus.xml,11,39_1ecbplus.xml,8,39_1ecbplus.xml,10,39_2ecbplus.xml,5,39_3ecbplus.xml,20,39_5ecbplus.xml,10,39_10ecbplus.xml,2,39_10ecbplus.xml,7,39_8ecbplus.xml,15,39_11ecbplus.xml,8,39_11ecbplus.xml,5,39_1ecbplus.xml,14,39_2ecbplus.xml,3,39_2ecbplus.xml,27,39_3ecbplus.xml,17,39_4ecbplus.xml,7,39_4ecbplus.xml,8,39_5ecbplus.xml,8,39_6ecbplus.xml,61,39_7ecbplus.xml,8,39_7ecbplus.xml,6,39_7ecbplus.xml,7,39_8ecbplus.xml,8,39_8ecbplus.xml,2,39_9ecbplus.xml,44,39_9ecbplus.xml,50,39_1ecbplus.xml,64,39_1ecbplus.xml,66,39_3ecbplus.xml,79,39_3ecbplus.xml,80,39_3ecbplus.xml,81,39_5ecbplus.xml,54,39_6ecbplus.xml,60,39_9ecbplus.xml,48,39_9ecbplus.xml,49,39_10ecbplus.xml,52,39_10ecbplus.xml,39,39_1ecbplus.xml,25,39_1ecbplus.xml,26,39_2ecbplus.xml,14,39_2ecbplus.xml,15,39_2ecbplus.xml,31
30_4ecbplus.xml,34,30_4ecbplus.xml,8,30_4ecbplus.xml,35,30_7ecbplus.xml,39,30_5ecbplus.xml,35,30_5ecbplus.xml,14,30_2ecbplus.xml,33,30_4ecbplus.xml,48,30_4ecbplus.xml,50,30_2ecbplus.xml,2,30_3ecbplus.xml,1,30_4ecbplus.xml,2,30_5ecbplus.xml,4
29_11ecbplus.xml,5,29_11ecbplus.xml,10,29_11ecbplus.xml,2,29_12ecbplus.xml,6,29_12ecbplus.xml,3,29_12ecbplus.xml,1,29_12ecbplus.xml,4,29_13ecbplus.xml,1,29_13ecbplus.xml,2,29_1ecbplus.xml,7,29_1ecbplus.xml,2,29_3ecbplus.xml,4,29_3ecbplus.xml,7,29_3ecbplus.xml,2,29_3ecbplus.xml,6,29_4ecbplus.xml,4,29_4ecbplus.xml,2,29_5ecbplus.xml,2,29_5ecbplus.xml,7,29_6ecbplus.xml,36,29_7ecbplus.xml,2,29_7ecbplus.xml,4,29_8ecbplus.xml,3,29_8ecbplus.xml,2,29_9ecbplus.xml,55,29_9ecbplus.xml,2,29_6ecbplus.xml,61,29_11ecbplus.xml,9,29_10ecbplus.xml,77,29_7ecbplus.xml,7,29_10ecbplus.xml,80
29_1ecbplus.xml,71,29_3ecbplus.xml,58,29_6ecbplus.xml,71,29_7ecbplus.xml,75,29_8ecbplus.xml,61,29_8ecbplus.xml,23,29_9ecbplus.xml,73
33_3ecbplus.xml,2,33_4ecbplus.xml,2,33_5ecbplus.xml,2,33_5ecbplus.xml,8,33_10ecbplus.xml,79,33_6ecbplus.xml,38,33_7ecbplus.xml,5,33_8ecbplus.xml,5,33_9ecbplus.xml,7,33_1ecbplus.xml,97,33_2ecbplus.xml,71,33_2ecbplus.xml,72,33_2ecbplus.xml,73,33_3ecbplus.xml,121,33_5ecbplus.xml,69,33_7ecbplus.xml,126,33_7ecbplus.xml,127,33_3ecbplus.xml,120,33_6ecbplus.xml,39,33_9ecbplus.xml,4,33_10ecbplus.xml,4,33_11ecbplus.xml,40,33_11ecbplus.xml,4,33_11ecbplus.xml,2,33_1ecbplus.xml,98,33_2ecbplus.xml,12,33_11ecbplus.xml,12,33_9ecbplus.xml,1,33_3ecbplus.xml,86
36_1ecbplus.xml,51,36_2ecbplus.xml,29,36_3ecbplus.xml,53,36_5ecbplus.xml,65,36_6ecbplus.xml,40,36_9ecbplus.xml,38,36_9ecbplus.xml,40,36_11ecbplus.xml,98,36_1ecbplus.xml,67,36_2ecbplus.xml,99,36_3ecbplus.xml,96,36_4ecbplus.xml,94,36_6ecbplus.xml,86,36_2ecbplus.xml,101,36_2ecbplus.xml,103,36_2ecbplus.xml,82,36_2ecbplus.xml,102,36_2ecbplus.xml,104,36_2ecbplus.xml,107,36_5ecbplus.xml,126
30_11ecbplus.xml,27,30_11ecbplus.xml,13,30_12ecbplus.xml,15,30_13ecbplus.xml,26,30_8ecbplus.xml,12,30_8ecbplus.xml,15,30_9ecbplus.xml,73
26_11ecbplus.xml,34,26_2ecbplus.xml,28,26_3ecbplus.xml,27,26_8ecbplus.xml,34,26_9ecbplus.xml,29
31_10ecbplus.xml,67,31_11ecbplus.xml,38,31_2ecbplus.xml,61,31_6ecbplus.xml,40,31_7ecbplus.xml,48,31_8ecbplus.xml,24,31_10ecbplus.xml,89,31_10ecbplus.xml,90,31_11ecbplus.xml,56,31_11ecbplus.xml,59,31_4ecbplus.xml,46,31_5ecbplus.xml,51,31_5ecbplus.xml,54,31_6ecbplus.xml,59,31_6ecbplus.xml,63,31_7ecbplus.xml,71,31_7ecbplus.xml,73,31_9ecbplus.xml,43
32_10ecbplus.xml,22,32_10ecbplus.xml,28,32_10ecbplus.xml,27,32_3ecbplus.xml,8,32_3ecbplus.xml,21,32_4ecbplus.xml,17,32_5ecbplus.xml,16,32_6ecbplus.xml,19,32_6ecbplus.xml,21,32_8ecbplus.xml,33,32_8ecbplus.xml,63,32_8ecbplus.xml,25,32_4ecbplus.xml,32
32_1ecbplus.xml,6,32_3ecbplus.xml,44,32_2ecbplus.xml,18,32_6ecbplus.xml,7,32_4ecbplus.xml,2,32_5ecbplus.xml,54,32_5ecbplus.xml,63,32_2ecbplus.xml,5,32_4ecbplus.xml,7,32_6ecbplus.xml,11,32_5ecbplus.xml,56,32_5ecbplus.xml,61,32_4ecbplus.xml,14,32_7ecbplus.xml,8,32_8ecbplus.xml,2,32_8ecbplus.xml,11,32_8ecbplus.xml,17,32_8ecbplus.xml,16,32_9ecbplus.xml,33,32_3ecbplus.xml,42,32_3ecbplus.xml,38,32_2ecbplus.xml,9,32_8ecbplus.xml,13,32_10ecbplus.xml,7,32_11ecbplus.xml,6,32_6ecbplus.xml,9,32_1ecbplus.xml,1,32_1ecbplus.xml,4,32_2ecbplus.xml,4,32_10ecbplus.xml,11,32_2ecbplus.xml,19,32_11ecbplus.xml,7,32_3ecbplus.xml,36
40_10ecbplus.xml,3,40_11ecbplus.xml,46,40_11ecbplus.xml,51,40_1ecbplus.xml,5,40_3ecbplus.xml,11,40_3ecbplus.xml,13,40_4ecbplus.xml,47,40_4ecbplus.xml,23,40_6ecbplus.xml,38,40_7ecbplus.xml,26,40_7ecbplus.xml,25,40_8ecbplus.xml,30,40_9ecbplus.xml,29,40_6ecbplus.xml,10,40_9ecbplus.xml,7,40_11ecbplus.xml,35,40_10ecbplus.xml,21,40_1ecbplus.xml,6,40_6ecbplus.xml,14,40_8ecbplus.xml,40,40_4ecbplus.xml,26,40_10ecbplus.xml,2,40_2ecbplus.xml,30,40_2ecbplus.xml,35,40_2ecbplus.xml,27,40_6ecbplus.xml,16,40_5ecbplus.xml,30,40_6ecbplus.xml,13,40_4ecbplus.xml,22,40_5ecbplus.xml,38,40_10ecbplus.xml,5,40_6ecbplus.xml,45
39_3ecbplus.xml,6,39_1ecbplus.xml,17,39_3ecbplus.xml,4,39_10ecbplus.xml,5,39_11ecbplus.xml,14,39_11ecbplus.xml,4,39_3ecbplus.xml,10,39_1ecbplus.xml,61
31_7ecbplus.xml,12,31_8ecbplus.xml,19,31_9ecbplus.xml,5,31_9ecbplus.xml,1,31_9ecbplus.xml,2,31_10ecbplus.xml,1,31_10ecbplus.xml,2,31_10ecbplus.xml,38,31_10ecbplus.xml,24,31_11ecbplus.xml,14,31_1ecbplus.xml,3,31_1ecbplus.xml,4,31_2ecbplus.xml,20,31_2ecbplus.xml,5,31_3ecbplus.xml,17,31_3ecbplus.xml,1,31_4ecbplus.xml,12,31_4ecbplus.xml,11,31_5ecbplus.xml,32,31_5ecbplus.xml,13,31_6ecbplus.xml,60,31_7ecbplus.xml,16,31_7ecbplus.xml,13,31_7ecbplus.xml,14
28_7ecbplus.xml,109,28_4ecbplus.xml,31,28_4ecbplus.xml,82,28_10ecbplus.xml,61,28_8ecbplus.xml,61
41_10ecbplus.xml,2,41_10ecbplus.xml,30,41_1ecbplus.xml,1,41_1ecbplus.xml,37,41_3ecbplus.xml,1,41_3ecbplus.xml,2,41_5ecbplus.xml,54,41_5ecbplus.xml,12,41_5ecbplus.xml,2,41_5ecbplus.xml,59,41_6ecbplus.xml,2,41_6ecbplus.xml,23,41_7ecbplus.xml,57,41_7ecbplus.xml,38,41_7ecbplus.xml,1,41_7ecbplus.xml,63,41_8ecbplus.xml,1,41_9ecbplus.xml,39,41_9ecbplus.xml,26,41_9ecbplus.xml,7,41_3ecbplus.xml,14,41_6ecbplus.xml,32,41_2ecbplus.xml,2,41_8ecbplus.xml,29,41_10ecbplus.xml,54,41_6ecbplus.xml,26,41_8ecbplus.xml,24,41_6ecbplus.xml,24,41_8ecbplus.xml,32,41_10ecbplus.xml,1,41_6ecbplus.xml,1,41_9ecbplus.xml,27,41_10ecbplus.xml,28,41_10ecbplus.xml,69,41_10ecbplus.xml,70,41_10ecbplus.xml,71,41_11ecbplus.xml,40,41_11ecbplus.xml,41,41_11ecbplus.xml,42,41_1ecbplus.xml,35,41_1ecbplus.xml,36,41_2ecbplus.xml,50,41_2ecbplus.xml,51,41_2ecbplus.xml,52,41_2ecbplus.xml,54,41_3ecbplus.xml,48,41_3ecbplus.xml,49,41_4ecbplus.xml,42,41_4ecbplus.xml,44,41_10ecbplus.xml,39,41_5ecbplus.xml,51,41_5ecbplus.xml,56,41_6ecbplus.xml,52,41_6ecbplus.xml,53,41_7ecbplus.xml,60,41_7ecbplus.xml,61,41_8ecbplus.xml,83,41_5ecbplus.xml,49,41_8ecbplus.xml,84,41_5ecbplus.xml,16,41_7ecbplus.xml,29,41_3ecbplus.xml,13,41_8ecbplus.xml,33
38_5ecbplus.xml,5,38_9ecbplus.xml,5,38_7ecbplus.xml,9,38_10ecbplus.xml,5,38_11ecbplus.xml,12,38_1ecbplus.xml,4,38_1ecbplus.xml,7,38_2ecbplus.xml,1,38_2ecbplus.xml,5,38_3ecbplus.xml,21,38_4ecbplus.xml,9,38_4ecbplus.xml,1
26_11ecbplus.xml,12,26_1ecbplus.xml,11,26_1ecbplus.xml,10,26_2ecbplus.xml,13,26_3ecbplus.xml,12,26_8ecbplus.xml,15
37_10ecbplus.xml,37,37_11ecbplus.xml,33,37_13ecbplus.xml,8,37_14ecbplus.xml,25,37_1ecbplus.xml,54,37_4ecbplus.xml,52,37_6ecbplus.xml,8,37_7ecbplus.xml,61,37_9ecbplus.xml,31
26_8ecbplus.xml,20,26_2ecbplus.xml,17,26_9ecbplus.xml,40,26_4ecbplus.xml,16,26_11ecbplus.xml,17,26_4ecbplus.xml,17,26_1ecbplus.xml,49
27_5ecbplus.xml,16,27_5ecbplus.xml,17,27_7ecbplus.xml,50,27_7ecbplus.xml,19,27_7ecbplus.xml,88,27_8ecbplus.xml,68,27_8ecbplus.xml,80,27_8ecbplus.xml,27,27_9ecbplus.xml,47,27_9ecbplus.xml,43,27_2ecbplus.xml,57,27_9ecbplus.xml,35,27_10ecbplus.xml,14,27_2ecbplus.xml,28,27_3ecbplus.xml,133,27_3ecbplus.xml,53,27_10ecbplus.xml,40,27_10ecbplus.xml,100,27_11ecbplus.xml,125,27_11ecbplus.xml,53,27_1ecbplus.xml,111,27_1ecbplus.xml,52,27_1ecbplus.xml,110,27_2ecbplus.xml,41,27_2ecbplus.xml,16,27_3ecbplus.xml,134,27_4ecbplus.xml,98,27_5ecbplus.xml,82,27_6ecbplus.xml,69,27_7ecbplus.xml,96,27_9ecbplus.xml,87,27_10ecbplus.xml,99,27_10ecbplus.xml,101,27_3ecbplus.xml,128,27_11ecbplus.xml,126,27_1ecbplus.xml,50,27_5ecbplus.xml,83,27_5ecbplus.xml,81,27_2ecbplus.xml,17,27_3ecbplus.xml,110,27_6ecbplus.xml,63,27_3ecbplus.xml,103,27_3ecbplus.xml,96,27_8ecbplus.xml,63,27_8ecbplus.xml,83,27_5ecbplus.xml,44,27_5ecbplus.xml,78
37_7ecbplus.xml,37,37_8ecbplus.xml,24,37_12ecbplus.xml,44,37_13ecbplus.xml,37,37_14ecbplus.xml,33,37_2ecbplus.xml,60
36_11ecbplus.xml,31,36_1ecbplus.xml,16,36_1ecbplus.xml,57,36_1ecbplus.xml,55,36_4ecbplus.xml,29,36_5ecbplus.xml,42,36_6ecbplus.xml,81,36_9ecbplus.xml,69,36_9ecbplus.xml,28,36_9ecbplus.xml,71,36_10ecbplus.xml,16,36_10ecbplus.xml,8,36_8ecbplus.xml,23
31_6ecbplus.xml,6,31_6ecbplus.xml,4,31_6ecbplus.xml,1,31_6ecbplus.xml,51,31_7ecbplus.xml,11,31_7ecbplus.xml,3,31_7ecbplus.xml,1,31_7ecbplus.xml,60,31_8ecbplus.xml,1,31_8ecbplus.xml,4,31_8ecbplus.xml,2,31_9ecbplus.xml,68,31_9ecbplus.xml,44,31_9ecbplus.xml,45,31_10ecbplus.xml,7,31_10ecbplus.xml,5,31_10ecbplus.xml,58,31_10ecbplus.xml,63,31_11ecbplus.xml,3,31_11ecbplus.xml,5,31_11ecbplus.xml,1,31_11ecbplus.xml,50,31_1ecbplus.xml,34,31_2ecbplus.xml,19,31_2ecbplus.xml,14,31_2ecbplus.xml,63,31_2ecbplus.xml,60,31_3ecbplus.xml,9,31_3ecbplus.xml,25,31_3ecbplus.xml,2,31_4ecbplus.xml,2,31_4ecbplus.xml,5,31_4ecbplus.xml,3,31_5ecbplus.xml,3,31_5ecbplus.xml,43,31_5ecbplus.xml,9,31_5ecbplus.xml,5
27_10ecbplus.xml,6,27_4ecbplus.xml,9,27_4ecbplus.xml,4,27_10ecbplus.xml,41,27_10ecbplus.xml,5,27_6ecbplus.xml,3,27_8ecbplus.xml,6,27_8ecbplus.xml,3,27_2ecbplus.xml,3,27_2ecbplus.xml,5,27_3ecbplus.xml,18
27_7ecbplus.xml,23,27_8ecbplus.xml,44,27_9ecbplus.xml,32,27_10ecbplus.xml,13,27_11ecbplus.xml,8,27_11ecbplus.xml,9,27_1ecbplus.xml,26,27_1ecbplus.xml,27,27_2ecbplus.xml,32,27_2ecbplus.xml,31,27_6ecbplus.xml,37
42_10ecbplus.xml,13,42_4ecbplus.xml,6,42_4ecbplus.xml,8,42_7ecbplus.xml,7,42_7ecbplus.xml,9,42_8ecbplus.xml,7,42_8ecbplus.xml,5
28_12ecbplus.xml,33,28_1ecbplus.xml,103,28_1ecbplus.xml,105,28_2ecbplus.xml,1,28_2ecbplus.xml,4,28_3ecbplus.xml,34,28_3ecbplus.xml,38,28_4ecbplus.xml,3,28_4ecbplus.xml,1,28_5ecbplus.xml,31,28_6ecbplus.xml,59,28_7ecbplus.xml,41,28_7ecbplus.xml,46,28_8ecbplus.xml,1,28_8ecbplus.xml,27,28_9ecbplus.xml,85,28_4ecbplus.xml,91,28_10ecbplus.xml,88,28_10ecbplus.xml,29,28_11ecbplus.xml,22,28_12ecbplus.xml,68,28_12ecbplus.xml,99
27_4ecbplus.xml,10,27_4ecbplus.xml,1,27_4ecbplus.xml,6,27_4ecbplus.xml,2,27_5ecbplus.xml,2,27_5ecbplus.xml,1,27_5ecbplus.xml,40,27_6ecbplus.xml,1,27_6ecbplus.xml,2,27_7ecbplus.xml,2,27_7ecbplus.xml,1,27_8ecbplus.xml,1,27_9ecbplus.xml,5,27_9ecbplus.xml,2,27_9ecbplus.xml,6,27_9ecbplus.xml,1,27_9ecbplus.xml,4,27_10ecbplus.xml,9,27_10ecbplus.xml,7,27_10ecbplus.xml,2,27_10ecbplus.xml,4,27_10ecbplus.xml,3,27_11ecbplus.xml,1,27_11ecbplus.xml,2,27_1ecbplus.xml,24,27_1ecbplus.xml,18,27_1ecbplus.xml,15,27_1ecbplus.xml,17,27_1ecbplus.xml,7,27_2ecbplus.xml,2,27_2ecbplus.xml,1,27_2ecbplus.xml,6,27_3ecbplus.xml,2,27_3ecbplus.xml,13,27_3ecbplus.xml,17,27_3ecbplus.xml,5
33_4ecbplus.xml,3,33_5ecbplus.xml,5,33_5ecbplus.xml,11,33_5ecbplus.xml,4,33_6ecbplus.xml,60,33_6ecbplus.xml,41,33_7ecbplus.xml,2,33_8ecbplus.xml,2,33_8ecbplus.xml,9,33_8ecbplus.xml,6,33_9ecbplus.xml,9,33_9ecbplus.xml,3,33_10ecbplus.xml,10,33_10ecbplus.xml,2,33_10ecbplus.xml,9,33_11ecbplus.xml,11,33_1ecbplus.xml,46,33_1ecbplus.xml,55,33_1ecbplus.xml,79,33_1ecbplus.xml,53,33_1ecbplus.xml,58,33_2ecbplus.xml,17,33_2ecbplus.xml,18,33_3ecbplus.xml,20
36_11ecbplus.xml,89,36_11ecbplus.xml,29,36_2ecbplus.xml,73,36_4ecbplus.xml,28,36_9ecbplus.xml,22
36_9ecbplus.xml,79,36_5ecbplus.xml,125,36_5ecbplus.xml,118,36_10ecbplus.xml,50,36_10ecbplus.xml,3,36_11ecbplus.xml,4,36_11ecbplus.xml,11,36_11ecbplus.xml,88,36_11ecbplus.xml,1,36_11ecbplus.xml,2,36_1ecbplus.xml,1,36_1ecbplus.xml,70,36_1ecbplus.xml,3,36_1ecbplus.xml,13,36_2ecbplus.xml,14,36_2ecbplus.xml,5,36_2ecbplus.xml,8,36_2ecbplus.xml,98,36_2ecbplus.xml,100,36_3ecbplus.xml,7,36_3ecbplus.xml,92,36_3ecbplus.xml,11,36_3ecbplus.xml,93,36_4ecbplus.xml,4,36_4ecbplus.xml,1,36_4ecbplus.xml,5,36_4ecbplus.xml,46,36_5ecbplus.xml,5,36_5ecbplus.xml,18,36_5ecbplus.xml,129,36_5ecbplus.xml,20,36_5ecbplus.xml,78,36_5ecbplus.xml,4,36_6ecbplus.xml,7,36_6ecbplus.xml,85,36_6ecbplus.xml,1,36_7ecbplus.xml,61,36_7ecbplus.xml,58,36_8ecbplus.xml,98,36_8ecbplus.xml,1,36_8ecbplus.xml,2,36_8ecbplus.xml,6,36_9ecbplus.xml,1,36_9ecbplus.xml,80,36_6ecbplus.xml,73
38_5ecbplus.xml,3,38_3ecbplus.xml,8,38_6ecbplus.xml,27,38_6ecbplus.xml,30,38_7ecbplus.xml,1,38_8ecbplus.xml,1,38_8ecbplus.xml,3,38_9ecbplus.xml,1,38_9ecbplus.xml,3,38_7ecbplus.xml,7,38_7ecbplus.xml,15,38_8ecbplus.xml,11,38_8ecbplus.xml,10,38_10ecbplus.xml,1,38_2ecbplus.xml,9,38_10ecbplus.xml,2,38_11ecbplus.xml,3,38_11ecbplus.xml,1,38_11ecbplus.xml,20,38_1ecbplus.xml,5,38_2ecbplus.xml,8,38_2ecbplus.xml,3,38_3ecbplus.xml,1,38_3ecbplus.xml,4,38_3ecbplus.xml,9,38_1ecbplus.xml,9,38_5ecbplus.xml,2
35_3ecbplus.xml,6,35_4ecbplus.xml,53,35_5ecbplus.xml,43,35_5ecbplus.xml,42,35_6ecbplus.xml,12,35_6ecbplus.xml,14,35_7ecbplus.xml,24,35_8ecbplus.xml,16,35_9ecbplus.xml,45,35_10ecbplus.xml,1,35_10ecbplus.xml,32,35_11ecbplus.xml,48,35_11ecbplus.xml,91,35_11ecbplus.xml,49,35_1ecbplus.xml,100,35_1ecbplus.xml,99,35_2ecbplus.xml,60,35_2ecbplus.xml,61,35_3ecbplus.xml,77
31_11ecbplus.xml,58,31_1ecbplus.xml,47,31_1ecbplus.xml,46,31_4ecbplus.xml,67,31_5ecbplus.xml,50,31_6ecbplus.xml,55,31_7ecbplus.xml,67,31_8ecbplus.xml,42,31_9ecbplus.xml,77
34_10ecbplus.xml,11,34_10ecbplus.xml,10,34_12ecbplus.xml,16,34_12ecbplus.xml,14,34_1ecbplus.xml,7,34_4ecbplus.xml,12,34_5ecbplus.xml,25,34_6ecbplus.xml,6,34_7ecbplus.xml,41,34_7ecbplus.xml,21,34_8ecbplus.xml,8,34_9ecbplus.xml,51,34_9ecbplus.xml,21,34_9ecbplus.xml,45
26_10ecbplus.xml,31,26_11ecbplus.xml,14,26_1ecbplus.xml,30,26_2ecbplus.xml,33,26_3ecbplus.xml,20,26_4ecbplus.xml,28,26_7ecbplus.xml,15,26_8ecbplus.xml,36,26_9ecbplus.xml,23
25_10ecbplus.xml,5,25_10ecbplus.xml,6,25_11ecbplus.xml,32,25_11ecbplus.xml,26,25_13ecbplus.xml,12,25_14ecbplus.xml,7,25_14ecbplus.xml,4,25_15ecbplus.xml,11,25_15ecbplus.xml,13,25_15ecbplus.xml,12,25_3ecbplus.xml,34,25_3ecbplus.xml,7,25_3ecbplus.xml,8,25_3ecbplus.xml,9,25_5ecbplus.xml,6,25_5ecbplus.xml,7,25_5ecbplus.xml,8,25_6ecbplus.xml,7,25_6ecbplus.xml,8,25_7ecbplus.xml,8,25_8ecbplus.xml,4,25_8ecbplus.xml,5,25_9ecbplus.xml,15,25_9ecbplus.xml,12,25_9ecbplus.xml,14
33_3ecbplus.xml,101,33_10ecbplus.xml,34,33_10ecbplus.xml,80,33_11ecbplus.xml,23,33_1ecbplus.xml,89,33_1ecbplus.xml,7,33_1ecbplus.xml,4,33_1ecbplus.xml,19,33_1ecbplus.xml,2,33_2ecbplus.xml,41,33_2ecbplus.xml,34,33_2ecbplus.xml,55,33_3ecbplus.xml,52,33_4ecbplus.xml,25,33_6ecbplus.xml,26,33_8ecbplus.xml,29,33_8ecbplus.xml,36,33_2ecbplus.xml,32,33_2ecbplus.xml,54
36_1ecbplus.xml,30,36_3ecbplus.xml,30,36_11ecbplus.xml,32,36_1ecbplus.xml,17,36_1ecbplus.xml,56,36_1ecbplus.xml,54,36_2ecbplus.xml,40,36_2ecbplus.xml,41,36_2ecbplus.xml,18,36_3ecbplus.xml,89,36_3ecbplus.xml,83,36_4ecbplus.xml,67,36_4ecbplus.xml,33,36_5ecbplus.xml,33,36_5ecbplus.xml,48,36_6ecbplus.xml,79,36_6ecbplus.xml,80,36_7ecbplus.xml,35,36_9ecbplus.xml,70,36_9ecbplus.xml,31
37_8ecbplus.xml,10,37_9ecbplus.xml,17,37_9ecbplus.xml,24,37_9ecbplus.xml,22,37_13ecbplus.xml,11,37_14ecbplus.xml,7,37_2ecbplus.xml,17,37_10ecbplus.xml,66,37_3ecbplus.xml,14,37_3ecbplus.xml,16,37_4ecbplus.xml,50,37_4ecbplus.xml,38,37_5ecbplus.xml,16,37_5ecbplus.xml,22,37_6ecbplus.xml,14,37_7ecbplus.xml,20
26_11ecbplus.xml,25,26_2ecbplus.xml,26,26_3ecbplus.xml,19,26_7ecbplus.xml,22,26_8ecbplus.xml,32
25_11ecbplus.xml,27,25_13ecbplus.xml,11,25_3ecbplus.xml,26,25_6ecbplus.xml,17,25_6ecbplus.xml,14,25_7ecbplus.xml,18,25_7ecbplus.xml,13,25_8ecbplus.xml,10,25_9ecbplus.xml,20
32_4ecbplus.xml,6,32_5ecbplus.xml,55,32_6ecbplus.xml,8,32_8ecbplus.xml,12,32_9ecbplus.xml,32,32_10ecbplus.xml,10,32_11ecbplus.xml,8,32_1ecbplus.xml,5,32_2ecbplus.xml,6,32_2ecbplus.xml,17,32_3ecbplus.xml,43
36_1ecbplus.xml,18,36_2ecbplus.xml,70,36_3ecbplus.xml,20,36_4ecbplus.xml,69,36_6ecbplus.xml,36
27_9ecbplus.xml,34,27_10ecbplus.xml,95,27_10ecbplus.xml,98,27_10ecbplus.xml,25,27_10ecbplus.xml,26,27_11ecbplus.xml,15,27_11ecbplus.xml,14,27_1ecbplus.xml,51,27_2ecbplus.xml,40,27_2ecbplus.xml,29,27_4ecbplus.xml,25,27_4ecbplus.xml,77,27_4ecbplus.xml,24,27_4ecbplus.xml,76,27_5ecbplus.xml,20,27_6ecbplus.xml,16,27_7ecbplus.xml,95,27_7ecbplus.xml,18,27_8ecbplus.xml,69,27_8ecbplus.xml,28,27_8ecbplus.xml,45,27_9ecbplus.xml,37,27_9ecbplus.xml,44
30_2ecbplus.xml,30,30_2ecbplus.xml,10,30_2ecbplus.xml,5,30_3ecbplus.xml,56,30_3ecbplus.xml,49,30_3ecbplus.xml,55,30_3ecbplus.xml,32,30_4ecbplus.xml,32,30_4ecbplus.xml,33,30_4ecbplus.xml,5,30_5ecbplus.xml,66,30_5ecbplus.xml,56,30_5ecbplus.xml,57,30_5ecbplus.xml,67,30_12ecbplus.xml,47,30_12ecbplus.xml,8,30_6ecbplus.xml,46,30_12ecbplus.xml,51,30_13ecbplus.xml,76,30_1ecbplus.xml,28,30_1ecbplus.xml,45,30_1ecbplus.xml,44,30_8ecbplus.xml,65,30_9ecbplus.xml,71,30_9ecbplus.xml,84,30_9ecbplus.xml,66,30_9ecbplus.xml,61,30_12ecbplus.xml,11,30_11ecbplus.xml,63,30_4ecbplus.xml,46,30_4ecbplus.xml,49,30_7ecbplus.xml,33,30_11ecbplus.xml,72,30_1ecbplus.xml,31,30_1ecbplus.xml,32,30_1ecbplus.xml,29,30_2ecbplus.xml,9
34_4ecbplus.xml,8,34_5ecbplus.xml,65,34_5ecbplus.xml,2,34_5ecbplus.xml,1,34_6ecbplus.xml,51,34_6ecbplus.xml,73,34_7ecbplus.xml,4,34_8ecbplus.xml,2,34_8ecbplus.xml,28,34_9ecbplus.xml,13,34_10ecbplus.xml,3,34_11ecbplus.xml,1,34_11ecbplus.xml,9,34_11ecbplus.xml,4,34_12ecbplus.xml,6,34_1ecbplus.xml,4,34_1ecbplus.xml,15,34_2ecbplus.xml,122,34_2ecbplus.xml,9,34_2ecbplus.xml,121,34_3ecbplus.xml,3,34_3ecbplus.xml,1,34_4ecbplus.xml,2,34_4ecbplus.xml,5
37_14ecbplus.xml,12,37_4ecbplus.xml,40,37_1ecbplus.xml,48,37_2ecbplus.xml,15,37_6ecbplus.xml,17,37_9ecbplus.xml,25,37_12ecbplus.xml,10
35_10ecbplus.xml,3,35_10ecbplus.xml,108,35_11ecbplus.xml,1,35_11ecbplus.xml,3,35_1ecbplus.xml,2,35_1ecbplus.xml,117,35_1ecbplus.xml,1,35_2ecbplus.xml,70,35_2ecbplus.xml,71,35_3ecbplus.xml,2,35_3ecbplus.xml,1,35_4ecbplus.xml,78,35_4ecbplus.xml,80,35_5ecbplus.xml,1,35_5ecbplus.xml,53,35_6ecbplus.xml,3,35_6ecbplus.xml,1,35_6ecbplus.xml,76,35_7ecbplus.xml,1,35_7ecbplus.xml,73,35_7ecbplus.xml,3,35_8ecbplus.xml,3,35_8ecbplus.xml,1,35_9ecbplus.xml,56,35_9ecbplus.xml,2
37_2ecbplus.xml,59,37_4ecbplus.xml,34,37_5ecbplus.xml,45,37_7ecbplus.xml,47,37_8ecbplus.xml,42,37_9ecbplus.xml,33,37_11ecbplus.xml,36,37_1ecbplus.xml,62
25_15ecbplus.xml,30,25_15ecbplus.xml,3,25_15ecbplus.xml,9,25_3ecbplus.xml,31,25_3ecbplus.xml,6,25_3ecbplus.xml,2,25_3ecbplus.xml,4,25_5ecbplus.xml,2,25_5ecbplus.xml,3,25_6ecbplus.xml,2,25_6ecbplus.xml,3,25_6ecbplus.xml,4,25_7ecbplus.xml,4,25_7ecbplus.xml,2,25_8ecbplus.xml,3,25_8ecbplus.xml,2,25_9ecbplus.xml,1,25_9ecbplus.xml,3,25_9ecbplus.xml,2,25_10ecbplus.xml,4,25_10ecbplus.xml,16,25_10ecbplus.xml,2,25_11ecbplus.xml,2,25_11ecbplus.xml,1,25_13ecbplus.xml,1,25_13ecbplus.xml,9,25_13ecbplus.xml,2,25_14ecbplus.xml,2,25_14ecbplus.xml,3,25_15ecbplus.xml,5
37_12ecbplus.xml,48,37_14ecbplus.xml,37,37_1ecbplus.xml,11,37_1ecbplus.xml,13,37_2ecbplus.xml,24,37_4ecbplus.xml,12,37_4ecbplus.xml,15,37_5ecbplus.xml,8,37_7ecbplus.xml,38,37_8ecbplus.xml,30,37_8ecbplus.xml,52,37_9ecbplus.xml,8,37_9ecbplus.xml,10
39_5ecbplus.xml,55,39_5ecbplus.xml,56,39_10ecbplus.xml,65,39_4ecbplus.xml,43
41_4ecbplus.xml,12,41_11ecbplus.xml,25,41_10ecbplus.xml,52,41_10ecbplus.xml,35,41_2ecbplus.xml,18,41_4ecbplus.xml,10,41_6ecbplus.xml,34,41_8ecbplus.xml,26,41_2ecbplus.xml,19,41_4ecbplus.xml,11,41_7ecbplus.xml,50,41_10ecbplus.xml,4,41_11ecbplus.xml,8,41_3ecbplus.xml,5,41_1ecbplus.xml,21,41_5ecbplus.xml,32,41_4ecbplus.xml,9,41_5ecbplus.xml,5,41_7ecbplus.xml,2,41_7ecbplus.xml,3,41_9ecbplus.xml,13
25_3ecbplus.xml,11,25_9ecbplus.xml,26,25_10ecbplus.xml,9,25_10ecbplus.xml,11,25_11ecbplus.xml,11,25_11ecbplus.xml,12,25_13ecbplus.xml,19,25_14ecbplus.xml,10,25_15ecbplus.xml,39,25_15ecbplus.xml,19,25_15ecbplus.xml,18,25_3ecbplus.xml,10,25_3ecbplus.xml,13,25_5ecbplus.xml,10,25_6ecbplus.xml,10,25_6ecbplus.xml,9,25_6ecbplus.xml,18,25_7ecbplus.xml,9,25_8ecbplus.xml,7,25_8ecbplus.xml,8,25_9ecbplus.xml,22,25_10ecbplus.xml,27,25_11ecbplus.xml,16
26_10ecbplus.xml,7,26_4ecbplus.xml,21,26_11ecbplus.xml,8,26_1ecbplus.xml,9,26_1ecbplus.xml,8,26_1ecbplus.xml,34,26_2ecbplus.xml,43,26_4ecbplus.xml,22,26_4ecbplus.xml,7,26_8ecbplus.xml,9,26_4ecbplus.xml,5
26_6ecbplus.xml,3,26_11ecbplus.xml,6,26_7ecbplus.xml,4,26_1ecbplus.xml,6,26_1ecbplus.xml,1,26_8ecbplus.xml,6,26_1ecbplus.xml,3,26_2ecbplus.xml,6,26_9ecbplus.xml,6,26_9ecbplus.xml,3,26_3ecbplus.xml,3,26_3ecbplus.xml,1,26_4ecbplus.xml,2,26_10ecbplus.xml,4
32_3ecbplus.xml,77,32_5ecbplus.xml,88
35_10ecbplus.xml,99,35_10ecbplus.xml,82,35_11ecbplus.xml,63,35_1ecbplus.xml,105,35_1ecbplus.xml,46,35_2ecbplus.xml,44,35_3ecbplus.xml,25,35_3ecbplus.xml,74,35_4ecbplus.xml,32,35_4ecbplus.xml,30,35_4ecbplus.xml,31,35_5ecbplus.xml,25,35_6ecbplus.xml,38,35_7ecbplus.xml,34,35_7ecbplus.xml,35,35_9ecbplus.xml,31
31_10ecbplus.xml,6,31_11ecbplus.xml,4,31_11ecbplus.xml,2,31_2ecbplus.xml,62,31_2ecbplus.xml,64,31_2ecbplus.xml,13,31_2ecbplus.xml,65,31_4ecbplus.xml,7,31_4ecbplus.xml,4,31_4ecbplus.xml,1,31_5ecbplus.xml,4,31_6ecbplus.xml,5,31_6ecbplus.xml,2,31_7ecbplus.xml,10,31_7ecbplus.xml,4,31_7ecbplus.xml,2,31_8ecbplus.xml,3,31_9ecbplus.xml,46,31_9ecbplus.xml,62
29_13ecbplus.xml,43,29_13ecbplus.xml,44,29_1ecbplus.xml,6,29_1ecbplus.xml,3,29_1ecbplus.xml,1,29_1ecbplus.xml,5,29_2ecbplus.xml,3,29_2ecbplus.xml,1,29_3ecbplus.xml,5,29_3ecbplus.xml,1,29_3ecbplus.xml,54,29_3ecbplus.xml,8,29_3ecbplus.xml,3,29_4ecbplus.xml,1,29_4ecbplus.xml,6,29_4ecbplus.xml,13,29_4ecbplus.xml,7,29_4ecbplus.xml,3,29_5ecbplus.xml,1,29_5ecbplus.xml,5,29_5ecbplus.xml,6,29_5ecbplus.xml,3,29_6ecbplus.xml,37,29_6ecbplus.xml,1,29_7ecbplus.xml,1,29_7ecbplus.xml,3,29_8ecbplus.xml,1,29_8ecbplus.xml,4,29_8ecbplus.xml,5,29_9ecbplus.xml,4,29_9ecbplus.xml,54,29_9ecbplus.xml,1,29_10ecbplus.xml,3,29_10ecbplus.xml,1,29_10ecbplus.xml,4,29_10ecbplus.xml,5,29_11ecbplus.xml,1,29_11ecbplus.xml,54,29_11ecbplus.xml,4,29_12ecbplus.xml,7,29_12ecbplus.xml,5,29_12ecbplus.xml,2
32_3ecbplus.xml,45,32_4ecbplus.xml,4,32_4ecbplus.xml,50,32_5ecbplus.xml,52,32_6ecbplus.xml,4,32_6ecbplus.xml,2,32_8ecbplus.xml,3,32_9ecbplus.xml,40,32_10ecbplus.xml,6,32_10ecbplus.xml,2,32_11ecbplus.xml,4,32_1ecbplus.xml,9,32_2ecbplus.xml,2
30_2ecbplus.xml,17,30_2ecbplus.xml,32,30_3ecbplus.xml,53,30_3ecbplus.xml,10,30_3ecbplus.xml,50,30_3ecbplus.xml,52,30_4ecbplus.xml,30
24_5ecbplus.xml,13,24_5ecbplus.xml,10,24_6ecbplus.xml,8,24_7ecbplus.xml,6,24_9ecbplus.xml,4,24_9ecbplus.xml,11,24_10ecbplus.xml,14,24_11ecbplus.xml,6,24_1ecbplus.xml,5,24_3ecbplus.xml,39,24_3ecbplus.xml,8,24_4ecbplus.xml,8
26_10ecbplus.xml,12,26_10ecbplus.xml,13,26_10ecbplus.xml,9,26_11ecbplus.xml,16,26_11ecbplus.xml,9,26_11ecbplus.xml,35,26_1ecbplus.xml,19,26_1ecbplus.xml,13,26_1ecbplus.xml,14,26_1ecbplus.xml,23,26_2ecbplus.xml,14,26_2ecbplus.xml,16,26_2ecbplus.xml,10,26_3ecbplus.xml,9,26_3ecbplus.xml,14,26_3ecbplus.xml,24,26_4ecbplus.xml,15,26_4ecbplus.xml,10,26_4ecbplus.xml,14,26_5ecbplus.xml,3,26_6ecbplus.xml,6,26_7ecbplus.xml,7,26_7ecbplus.xml,11,26_8ecbplus.xml,16,26_8ecbplus.xml,19,26_8ecbplus.xml,12,26_9ecbplus.xml,8,26_9ecbplus.xml,12,26_9ecbplus.xml,13
25_11ecbplus.xml,20,25_6ecbplus.xml,24,25_7ecbplus.xml,21,25_9ecbplus.xml,33
29_10ecbplus.xml,78,29_10ecbplus.xml,79,29_11ecbplus.xml,70,29_12ecbplus.xml,68,29_12ecbplus.xml,72,29_13ecbplus.xml,45,29_13ecbplus.xml,46,29_1ecbplus.xml,73,29_1ecbplus.xml,74,29_2ecbplus.xml,99,29_3ecbplus.xml,53,29_4ecbplus.xml,65,29_4ecbplus.xml,66,29_5ecbplus.xml,70,29_5ecbplus.xml,71,29_6ecbplus.xml,72,29_6ecbplus.xml,73,29_7ecbplus.xml,73,29_7ecbplus.xml,79,29_8ecbplus.xml,63,29_9ecbplus.xml,72
24_5ecbplus.xml,4,24_10ecbplus.xml,12,24_1ecbplus.xml,3,24_2ecbplus.xml,5,24_3ecbplus.xml,10,24_4ecbplus.xml,3,24_4ecbplus.xml,7,24_5ecbplus.xml,11,24_7ecbplus.xml,4,24_5ecbplus.xml,3,24_8ecbplus.xml,4,24_9ecbplus.xml,6
29_1ecbplus.xml,29,29_5ecbplus.xml,30,29_6ecbplus.xml,10,29_7ecbplus.xml,26,29_9ecbplus.xml,18
43_15ecbplus.xml,15,43_15ecbplus.xml,37,43_15ecbplus.xml,59,43_15ecbplus.xml,12,43_3ecbplus.xml,12,43_6ecbplus.xml,12,43_12ecbplus.xml,15,43_8ecbplus.xml,49,43_9ecbplus.xml,37,43_9ecbplus.xml,16,43_9ecbplus.xml,29
42_9ecbplus.xml,59,42_1ecbplus.xml,18,42_2ecbplus.xml,30,42_3ecbplus.xml,25,42_4ecbplus.xml,27,42_5ecbplus.xml,20
33_5ecbplus.xml,15,33_5ecbplus.xml,14,33_5ecbplus.xml,9,33_5ecbplus.xml,16,33_3ecbplus.xml,84,33_11ecbplus.xml,39,33_4ecbplus.xml,18,33_11ecbplus.xml,9
31_8ecbplus.xml,18,31_6ecbplus.xml,64,31_11ecbplus.xml,54,31_1ecbplus.xml,51,31_1ecbplus.xml,52,31_5ecbplus.xml,18,31_8ecbplus.xml,17,31_4ecbplus.xml,68,31_6ecbplus.xml,13,31_3ecbplus.xml,34,31_11ecbplus.xml,18,31_7ecbplus.xml,20,31_10ecbplus.xml,86,31_10ecbplus.xml,88,31_8ecbplus.xml,16,31_5ecbplus.xml,55,31_2ecbplus.xml,38,31_9ecbplus.xml,78
33_11ecbplus.xml,35,33_5ecbplus.xml,28,33_6ecbplus.xml,5,33_8ecbplus.xml,16,33_9ecbplus.xml,13,33_9ecbplus.xml,17,33_10ecbplus.xml,30,33_10ecbplus.xml,28,33_1ecbplus.xml,21,33_1ecbplus.xml,99
33_10ecbplus.xml,47,33_1ecbplus.xml,59,33_3ecbplus.xml,72,33_7ecbplus.xml,99,33_11ecbplus.xml,3,33_3ecbplus.xml,25,33_5ecbplus.xml,7,33_5ecbplus.xml,1,33_1ecbplus.xml,93,33_3ecbplus.xml,107,33_4ecbplus.xml,16,33_6ecbplus.xml,91,33_7ecbplus.xml,116,33_11ecbplus.xml,16,33_1ecbplus.xml,94,33_3ecbplus.xml,106,33_4ecbplus.xml,19,33_5ecbplus.xml,66,33_5ecbplus.xml,68,33_6ecbplus.xml,59,33_7ecbplus.xml,115
35_10ecbplus.xml,57,35_1ecbplus.xml,73,35_2ecbplus.xml,43,35_7ecbplus.xml,58
37_12ecbplus.xml,58,37_2ecbplus.xml,77,37_7ecbplus.xml,34,37_8ecbplus.xml,45
29_10ecbplus.xml,31,29_11ecbplus.xml,13,29_11ecbplus.xml,18,29_1ecbplus.xml,21,29_2ecbplus.xml,21,29_3ecbplus.xml,10,29_4ecbplus.xml,14,29_4ecbplus.xml,15,29_5ecbplus.xml,22,29_6ecbplus.xml,8,29_7ecbplus.xml,24,29_8ecbplus.xml,19,29_8ecbplus.xml,13,29_9ecbplus.xml,6
26_11ecbplus.xml,32,26_2ecbplus.xml,36,26_3ecbplus.xml,22,26_4ecbplus.xml,33,26_8ecbplus.xml,37,26_9ecbplus.xml,33,26_10ecbplus.xml,28
24_9ecbplus.xml,2,24_10ecbplus.xml,13,24_1ecbplus.xml,4,24_2ecbplus.xml,3,24_3ecbplus.xml,6,24_7ecbplus.xml,5,24_8ecbplus.xml,5,24_6ecbplus.xml,2
39_10ecbplus.xml,62,39_10ecbplus.xml,15,39_11ecbplus.xml,17,39_1ecbplus.xml,31,39_3ecbplus.xml,32,39_6ecbplus.xml,15,39_8ecbplus.xml,14
36_3ecbplus.xml,42,36_2ecbplus.xml,35,36_3ecbplus.xml,5,36_4ecbplus.xml,85,36_10ecbplus.xml,51,36_8ecbplus.xml,3,36_7ecbplus.xml,60,36_9ecbplus.xml,2,36_11ecbplus.xml,13,36_11ecbplus.xml,91,36_5ecbplus.xml,81,36_5ecbplus.xml,115,36_4ecbplus.xml,86,36_6ecbplus.xml,4,36_2ecbplus.xml,56,36_4ecbplus.xml,12,36_8ecbplus.xml,14
28_12ecbplus.xml,65,28_10ecbplus.xml,26,28_11ecbplus.xml,77,28_4ecbplus.xml,63,28_5ecbplus.xml,65,28_4ecbplus.xml,64,28_5ecbplus.xml,64,28_6ecbplus.xml,54,28_7ecbplus.xml,85,28_8ecbplus.xml,48,28_9ecbplus.xml,36,28_2ecbplus.xml,71,28_7ecbplus.xml,86,28_8ecbplus.xml,49,28_3ecbplus.xml,96,28_9ecbplus.xml,37,28_6ecbplus.xml,53,28_2ecbplus.xml,70
40_4ecbplus.xml,46,40_1ecbplus.xml,8,40_1ecbplus.xml,9,40_2ecbplus.xml,25,40_3ecbplus.xml,6,40_3ecbplus.xml,4,40_5ecbplus.xml,27,40_6ecbplus.xml,23,40_7ecbplus.xml,6,40_7ecbplus.xml,7,40_8ecbplus.xml,42
34_10ecbplus.xml,66,34_11ecbplus.xml,85,34_11ecbplus.xml,90,34_2ecbplus.xml,132,34_2ecbplus.xml,131,34_5ecbplus.xml,76,34_9ecbplus.xml,88,34_6ecbplus.xml,77,34_9ecbplus.xml,89
37_10ecbplus.xml,19,37_1ecbplus.xml,50,37_4ecbplus.xml,43,37_9ecbplus.xml,29
28_10ecbplus.xml,60,28_12ecbplus.xml,4,28_2ecbplus.xml,16,28_4ecbplus.xml,36,28_5ecbplus.xml,4,28_6ecbplus.xml,28,28_7ecbplus.xml,7,28_8ecbplus.xml,8,28_9ecbplus.xml,31
40_10ecbplus.xml,8,40_11ecbplus.xml,8,40_1ecbplus.xml,7,40_1ecbplus.xml,27,40_2ecbplus.xml,14,40_3ecbplus.xml,7,40_3ecbplus.xml,3,40_5ecbplus.xml,4,40_6ecbplus.xml,22,40_7ecbplus.xml,4,40_7ecbplus.xml,8,40_8ecbplus.xml,12,40_9ecbplus.xml,17
30_13ecbplus.xml,55,30_11ecbplus.xml,69,30_8ecbplus.xml,62,30_11ecbplus.xml,25,30_11ecbplus.xml,68,30_1ecbplus.xml,9,30_1ecbplus.xml,11,30_1ecbplus.xml,8,30_8ecbplus.xml,61
28_12ecbplus.xml,5,28_2ecbplus.xml,15,28_4ecbplus.xml,37,28_5ecbplus.xml,149,28_7ecbplus.xml,8,28_8ecbplus.xml,9,28_9ecbplus.xml,32,28_10ecbplus.xml,5
25_13ecbplus.xml,3,25_15ecbplus.xml,7,25_3ecbplus.xml,3,25_7ecbplus.xml,3,25_8ecbplus.xml,6,25_9ecbplus.xml,4,25_10ecbplus.xml,21,25_11ecbplus.xml,3,25_13ecbplus.xml,8
28_12ecbplus.xml,39,28_2ecbplus.xml,8,28_4ecbplus.xml,9,28_5ecbplus.xml,153,28_6ecbplus.xml,7,28_7ecbplus.xml,87
43_2ecbplus.xml,113,43_3ecbplus.xml,77,43_4ecbplus.xml,51,43_10ecbplus.xml,92,43_11ecbplus.xml,124,43_13ecbplus.xml,35,43_13ecbplus.xml,36,43_13ecbplus.xml,39,43_14ecbplus.xml,61,43_2ecbplus.xml,114,43_3ecbplus.xml,73,43_4ecbplus.xml,49,43_5ecbplus.xml,100,43_6ecbplus.xml,46,43_7ecbplus.xml,87,43_7ecbplus.xml,88,43_9ecbplus.xml,46
26_2ecbplus.xml,5,26_3ecbplus.xml,4,26_7ecbplus.xml,5,26_8ecbplus.xml,5,26_9ecbplus.xml,4,26_9ecbplus.xml,5,26_10ecbplus.xml,3,26_11ecbplus.xml,5
43_15ecbplus.xml,33,43_5ecbplus.xml,56,43_7ecbplus.xml,35,43_14ecbplus.xml,55,43_11ecbplus.xml,69
36_10ecbplus.xml,65,36_7ecbplus.xml,79,36_9ecbplus.xml,78
24_7ecbplus.xml,19,24_7ecbplus.xml,17,24_8ecbplus.xml,19,24_8ecbplus.xml,18,24_10ecbplus.xml,3,24_10ecbplus.xml,6,24_11ecbplus.xml,29,24_1ecbplus.xml,13,24_1ecbplus.xml,16,24_2ecbplus.xml,27,24_5ecbplus.xml,6,24_5ecbplus.xml,5,24_6ecbplus.xml,33,24_6ecbplus.xml,26
35_1ecbplus.xml,103,35_3ecbplus.xml,78,35_3ecbplus.xml,36,35_4ecbplus.xml,7,35_6ecbplus.xml,59,35_7ecbplus.xml,10,35_8ecbplus.xml,6,35_10ecbplus.xml,12,35_11ecbplus.xml,96,35_11ecbplus.xml,18
31_10ecbplus.xml,87,31_11ecbplus.xml,55,31_11ecbplus.xml,57,31_5ecbplus.xml,53,31_6ecbplus.xml,61,31_6ecbplus.xml,62,31_7ecbplus.xml,70
29_1ecbplus.xml,32,29_5ecbplus.xml,34,29_6ecbplus.xml,9,29_7ecbplus.xml,25,29_7ecbplus.xml,23,29_9ecbplus.xml,38
28_10ecbplus.xml,33,28_11ecbplus.xml,25,28_12ecbplus.xml,34,28_4ecbplus.xml,6,28_5ecbplus.xml,38,28_6ecbplus.xml,8,28_7ecbplus.xml,52,28_8ecbplus.xml,33,28_9ecbplus.xml,46
33_11ecbplus.xml,5,33_7ecbplus.xml,6,33_3ecbplus.xml,4,33_10ecbplus.xml,11,33_2ecbplus.xml,31,33_3ecbplus.xml,5,33_8ecbplus.xml,41
26_11ecbplus.xml,33,26_2ecbplus.xml,27,26_3ecbplus.xml,26,26_7ecbplus.xml,24,26_8ecbplus.xml,33,26_9ecbplus.xml,28
42_7ecbplus.xml,21,42_7ecbplus.xml,3,42_8ecbplus.xml,18
34_3ecbplus.xml,2,34_4ecbplus.xml,4,34_4ecbplus.xml,38,34_4ecbplus.xml,1,34_6ecbplus.xml,2,34_8ecbplus.xml,4,34_9ecbplus.xml,11,34_9ecbplus.xml,1,34_9ecbplus.xml,3,34_10ecbplus.xml,2,34_10ecbplus.xml,1,34_10ecbplus.xml,4,34_11ecbplus.xml,5,34_11ecbplus.xml,2,34_12ecbplus.xml,53,34_12ecbplus.xml,4,34_1ecbplus.xml,3,34_1ecbplus.xml,1
29_9ecbplus.xml,70,29_1ecbplus.xml,49,29_1ecbplus.xml,72,29_5ecbplus.xml,69,29_9ecbplus.xml,68,29_13ecbplus.xml,39,29_5ecbplus.xml,8,29_11ecbplus.xml,55,29_13ecbplus.xml,38,29_12ecbplus.xml,8
26_11ecbplus.xml,10,26_2ecbplus.xml,11,26_3ecbplus.xml,10,26_4ecbplus.xml,13,26_8ecbplus.xml,13,26_9ecbplus.xml,9
32_11ecbplus.xml,3,32_1ecbplus.xml,55,32_5ecbplus.xml,51,32_2ecbplus.xml,1,32_3ecbplus.xml,47
24_11ecbplus.xml,13,24_11ecbplus.xml,16,24_1ecbplus.xml,21,24_2ecbplus.xml,19,24_3ecbplus.xml,20,24_3ecbplus.xml,24,24_4ecbplus.xml,17,24_5ecbplus.xml,39,24_6ecbplus.xml,22,24_6ecbplus.xml,19,24_7ecbplus.xml,26,24_8ecbplus.xml,31,24_9ecbplus.xml,18,24_9ecbplus.xml,22,24_10ecbplus.xml,24,24_10ecbplus.xml,32
43_12ecbplus.xml,26,43_2ecbplus.xml,56,43_4ecbplus.xml,14
24_10ecbplus.xml,5,24_10ecbplus.xml,4,24_1ecbplus.xml,14,24_1ecbplus.xml,15,24_7ecbplus.xml,18,24_7ecbplus.xml,28
26_5ecbplus.xml,1,26_11ecbplus.xml,2,26_6ecbplus.xml,2,26_7ecbplus.xml,1,26_7ecbplus.xml,2,26_4ecbplus.xml,4,26_8ecbplus.xml,1,26_8ecbplus.xml,2,26_9ecbplus.xml,1,26_2ecbplus.xml,2,26_9ecbplus.xml,2,26_2ecbplus.xml,1,26_3ecbplus.xml,2,26_10ecbplus.xml,2,26_10ecbplus.xml,1
38_9ecbplus.xml,11,38_1ecbplus.xml,14,38_2ecbplus.xml,14,38_5ecbplus.xml,10,38_7ecbplus.xml,13,38_10ecbplus.xml,13
39_4ecbplus.xml,46,39_5ecbplus.xml,53,39_6ecbplus.xml,56,39_9ecbplus.xml,51,39_1ecbplus.xml,59,39_2ecbplus.xml,39,39_3ecbplus.xml,77
24_2ecbplus.xml,26,24_3ecbplus.xml,3,24_9ecbplus.xml,41,24_3ecbplus.xml,1,24_3ecbplus.xml,4,24_4ecbplus.xml,10,24_10ecbplus.xml,1,24_9ecbplus.xml,15
24_5ecbplus.xml,34,24_5ecbplus.xml,37,24_6ecbplus.xml,16,24_7ecbplus.xml,21,24_7ecbplus.xml,24,24_8ecbplus.xml,29,24_8ecbplus.xml,21,24_9ecbplus.xml,19,24_10ecbplus.xml,26,24_10ecbplus.xml,30,24_10ecbplus.xml,27,24_1ecbplus.xml,25,24_2ecbplus.xml,31,24_2ecbplus.xml,15,24_2ecbplus.xml,17,24_3ecbplus.xml,21,24_8ecbplus.xml,33
37_3ecbplus.xml,12,37_6ecbplus.xml,12,37_6ecbplus.xml,51
24_10ecbplus.xml,39,24_1ecbplus.xml,35,24_2ecbplus.xml,25,24_5ecbplus.xml,40,24_5ecbplus.xml,58,24_7ecbplus.xml,27,24_7ecbplus.xml,48,24_9ecbplus.xml,40,24_9ecbplus.xml,43
41_5ecbplus.xml,57,41_6ecbplus.xml,50
41_11ecbplus.xml,39,41_1ecbplus.xml,33,41_5ecbplus.xml,55,41_7ecbplus.xml,56
29_5ecbplus.xml,67,29_6ecbplus.xml,69,29_7ecbplus.xml,71,29_8ecbplus.xml,58,29_9ecbplus.xml,67,29_10ecbplus.xml,74,29_10ecbplus.xml,73,29_11ecbplus.xml,66,29_11ecbplus.xml,67,29_1ecbplus.xml,69,29_2ecbplus.xml,93,29_2ecbplus.xml,91
42_2ecbplus.xml,39,42_5ecbplus.xml,15,42_7ecbplus.xml,41,42_7ecbplus.xml,31
30_5ecbplus.xml,20,30_5ecbplus.xml,65,30_6ecbplus.xml,16,30_12ecbplus.xml,17,30_13ecbplus.xml,28,30_8ecbplus.xml,17,30_9ecbplus.xml,75,30_6ecbplus.xml,20,30_6ecbplus.xml,52,30_6ecbplus.xml,14,30_11ecbplus.xml,26,30_11ecbplus.xml,62,30_13ecbplus.xml,27,30_8ecbplus.xml,53,30_8ecbplus.xml,11,30_8ecbplus.xml,16
28_10ecbplus.xml,34,28_12ecbplus.xml,38,28_4ecbplus.xml,8,28_6ecbplus.xml,6,28_7ecbplus.xml,50,28_8ecbplus.xml,31,28_9ecbplus.xml,43
38_1ecbplus.xml,8,38_5ecbplus.xml,1,38_5ecbplus.xml,4,38_9ecbplus.xml,4,38_10ecbplus.xml,4,38_10ecbplus.xml,3,38_1ecbplus.xml,6
30_10ecbplus.xml,78,30_2ecbplus.xml,15,30_2ecbplus.xml,19,30_13ecbplus.xml,81,30_3ecbplus.xml,65,30_3ecbplus.xml,66,30_12ecbplus.xml,34,30_13ecbplus.xml,44,30_9ecbplus.xml,82,30_5ecbplus.xml,13,30_5ecbplus.xml,55,30_10ecbplus.xml,31,30_3ecbplus.xml,63,30_10ecbplus.xml,32,30_13ecbplus.xml,82
42_2ecbplus.xml,45,42_2ecbplus.xml,46,42_5ecbplus.xml,19,42_6ecbplus.xml,17,42_7ecbplus.xml,47,42_7ecbplus.xml,48,42_8ecbplus.xml,21
32_4ecbplus.xml,62,32_5ecbplus.xml,3,32_8ecbplus.xml,67,32_8ecbplus.xml,68,32_9ecbplus.xml,53,32_3ecbplus.xml,71,32_5ecbplus.xml,2,32_10ecbplus.xml,38,32_10ecbplus.xml,39,32_2ecbplus.xml,76,32_3ecbplus.xml,68
38_10ecbplus.xml,27,38_1ecbplus.xml,28,38_2ecbplus.xml,29,38_5ecbplus.xml,18,38_9ecbplus.xml,18
34_12ecbplus.xml,73,34_4ecbplus.xml,9,34_11ecbplus.xml,14,34_6ecbplus.xml,1,34_9ecbplus.xml,63,34_2ecbplus.xml,2,34_2ecbplus.xml,8
34_10ecbplus.xml,29,34_10ecbplus.xml,30,34_5ecbplus.xml,77
26_11ecbplus.xml,15,26_1ecbplus.xml,22,26_2ecbplus.xml,15,26_3ecbplus.xml,13,26_7ecbplus.xml,12,26_8ecbplus.xml,18
26_2ecbplus.xml,3,26_11ecbplus.xml,3,26_3ecbplus.xml,8,26_8ecbplus.xml,17
41_10ecbplus.xml,9,41_10ecbplus.xml,58,41_2ecbplus.xml,29,41_4ecbplus.xml,34,41_5ecbplus.xml,39,41_8ecbplus.xml,6
43_13ecbplus.xml,23,43_14ecbplus.xml,58,43_14ecbplus.xml,51,43_14ecbplus.xml,23,43_14ecbplus.xml,42,43_15ecbplus.xml,32,43_1ecbplus.xml,69,43_2ecbplus.xml,67,43_2ecbplus.xml,57,43_4ecbplus.xml,24,43_7ecbplus.xml,45,43_7ecbplus.xml,71,43_13ecbplus.xml,34,43_4ecbplus.xml,53,43_13ecbplus.xml,24
41_5ecbplus.xml,14,41_7ecbplus.xml,27,41_8ecbplus.xml,27,41_9ecbplus.xml,6,41_6ecbplus.xml,22,41_2ecbplus.xml,15,41_10ecbplus.xml,34,41_11ecbplus.xml,31
32_10ecbplus.xml,17,32_10ecbplus.xml,16,32_2ecbplus.xml,7,32_2ecbplus.xml,15,32_8ecbplus.xml,14
27_10ecbplus.xml,17,27_11ecbplus.xml,56,27_11ecbplus.xml,11,27_4ecbplus.xml,34,27_4ecbplus.xml,27,27_4ecbplus.xml,29,27_4ecbplus.xml,32,27_8ecbplus.xml,34,27_9ecbplus.xml,41
25_11ecbplus.xml,7,25_14ecbplus.xml,6,25_15ecbplus.xml,14,25_15ecbplus.xml,32,25_15ecbplus.xml,15,25_3ecbplus.xml,40,25_3ecbplus.xml,46,25_7ecbplus.xml,12,25_9ecbplus.xml,8,25_10ecbplus.xml,25,25_10ecbplus.xml,24
30_13ecbplus.xml,46,30_9ecbplus.xml,27,30_9ecbplus.xml,87,30_10ecbplus.xml,33,30_10ecbplus.xml,34,30_12ecbplus.xml,35,30_13ecbplus.xml,45,30_13ecbplus.xml,47
35_1ecbplus.xml,15,35_2ecbplus.xml,17,35_3ecbplus.xml,50,35_4ecbplus.xml,12,35_4ecbplus.xml,10,35_6ecbplus.xml,24,35_6ecbplus.xml,75,35_7ecbplus.xml,12,35_9ecbplus.xml,17,35_9ecbplus.xml,49,35_10ecbplus.xml,13,35_11ecbplus.xml,16
34_10ecbplus.xml,68,34_1ecbplus.xml,13,34_12ecbplus.xml,72
43_11ecbplus.xml,115,43_12ecbplus.xml,59,43_5ecbplus.xml,97,43_9ecbplus.xml,41,43_9ecbplus.xml,34,43_9ecbplus.xml,42,43_10ecbplus.xml,88,43_12ecbplus.xml,61,43_10ecbplus.xml,14,43_5ecbplus.xml,90,43_15ecbplus.xml,50
29_9ecbplus.xml,13,29_5ecbplus.xml,28
27_1ecbplus.xml,108,27_7ecbplus.xml,100,27_6ecbplus.xml,66,27_2ecbplus.xml,58,27_3ecbplus.xml,130,27_5ecbplus.xml,80
25_10ecbplus.xml,33,25_15ecbplus.xml,27,25_6ecbplus.xml,23,25_9ecbplus.xml,30
29_9ecbplus.xml,66,29_1ecbplus.xml,75,29_5ecbplus.xml,65,29_6ecbplus.xml,68
24_10ecbplus.xml,17,24_10ecbplus.xml,9,24_1ecbplus.xml,12,24_3ecbplus.xml,7,24_5ecbplus.xml,19,24_7ecbplus.xml,13,24_8ecbplus.xml,9,24_9ecbplus.xml,3,24_2ecbplus.xml,9
32_10ecbplus.xml,14,32_10ecbplus.xml,13
43_7ecbplus.xml,15,43_10ecbplus.xml,27,43_11ecbplus.xml,25,43_13ecbplus.xml,10
24_10ecbplus.xml,37,24_1ecbplus.xml,31,24_2ecbplus.xml,44,24_3ecbplus.xml,42,24_5ecbplus.xml,29,24_5ecbplus.xml,30,24_8ecbplus.xml,27,24_9ecbplus.xml,42
27_6ecbplus.xml,59,27_3ecbplus.xml,71,27_8ecbplus.xml,81
33_4ecbplus.xml,32,33_4ecbplus.xml,26,33_6ecbplus.xml,28,33_11ecbplus.xml,25,33_7ecbplus.xml,70,33_7ecbplus.xml,77,33_8ecbplus.xml,25,33_1ecbplus.xml,6,33_2ecbplus.xml,43,33_3ecbplus.xml,55,33_4ecbplus.xml,23
34_12ecbplus.xml,5,34_9ecbplus.xml,12,34_1ecbplus.xml,72,34_3ecbplus.xml,18,34_2ecbplus.xml,130,34_9ecbplus.xml,4
41_10ecbplus.xml,31,41_11ecbplus.xml,37,41_1ecbplus.xml,22,41_7ecbplus.xml,39,41_8ecbplus.xml,17,41_5ecbplus.xml,58
40_1ecbplus.xml,25,40_10ecbplus.xml,34,40_11ecbplus.xml,18,40_1ecbplus.xml,31,40_2ecbplus.xml,3,40_2ecbplus.xml,1,40_3ecbplus.xml,12,40_3ecbplus.xml,14,40_4ecbplus.xml,27,40_4ecbplus.xml,24,40_4ecbplus.xml,35,40_5ecbplus.xml,29,40_7ecbplus.xml,28,40_7ecbplus.xml,27
34_3ecbplus.xml,21,34_9ecbplus.xml,70,34_11ecbplus.xml,68,34_12ecbplus.xml,61,34_1ecbplus.xml,75,34_1ecbplus.xml,76,34_2ecbplus.xml,123
32_2ecbplus.xml,46,32_3ecbplus.xml,6,32_10ecbplus.xml,18,32_11ecbplus.xml,12,32_5ecbplus.xml,14,32_1ecbplus.xml,22
28_1ecbplus.xml,109,28_3ecbplus.xml,126
28_6ecbplus.xml,2,28_7ecbplus.xml,44,28_8ecbplus.xml,26,28_9ecbplus.xml,39
28_5ecbplus.xml,141,28_6ecbplus.xml,64,28_4ecbplus.xml,84,28_2ecbplus.xml,169,28_10ecbplus.xml,86,28_12ecbplus.xml,102,28_7ecbplus.xml,103,28_3ecbplus.xml,119,28_6ecbplus.xml,69,28_7ecbplus.xml,114,28_8ecbplus.xml,72,28_9ecbplus.xml,93,28_9ecbplus.xml,100,28_4ecbplus.xml,88,28_8ecbplus.xml,63
42_10ecbplus.xml,38,42_2ecbplus.xml,35,42_3ecbplus.xml,18,42_3ecbplus.xml,17,42_4ecbplus.xml,18
34_7ecbplus.xml,7,34_11ecbplus.xml,13,34_11ecbplus.xml,15,34_11ecbplus.xml,8,34_7ecbplus.xml,8,34_8ecbplus.xml,5
32_3ecbplus.xml,51,32_3ecbplus.xml,50,32_5ecbplus.xml,39,32_5ecbplus.xml,50,32_9ecbplus.xml,2,32_9ecbplus.xml,3
37_10ecbplus.xml,23,37_1ecbplus.xml,42,37_1ecbplus.xml,43,37_3ecbplus.xml,73,37_6ecbplus.xml,16
28_10ecbplus.xml,24,28_1ecbplus.xml,1,28_1ecbplus.xml,4,28_4ecbplus.xml,33,28_5ecbplus.xml,87,28_6ecbplus.xml,60,28_7ecbplus.xml,107,28_8ecbplus.xml,24,28_9ecbplus.xml,78
41_11ecbplus.xml,26,41_1ecbplus.xml,20,41_5ecbplus.xml,33,41_7ecbplus.xml,49
39_2ecbplus.xml,34,39_2ecbplus.xml,18,39_4ecbplus.xml,19,39_5ecbplus.xml,14,39_7ecbplus.xml,18,39_8ecbplus.xml,10,39_9ecbplus.xml,18,39_10ecbplus.xml,20,39_11ecbplus.xml,15,39_1ecbplus.xml,35
33_11ecbplus.xml,6,33_3ecbplus.xml,87,33_4ecbplus.xml,21,33_10ecbplus.xml,7,33_3ecbplus.xml,98,33_7ecbplus.xml,114,33_4ecbplus.xml,70,33_11ecbplus.xml,41
26_9ecbplus.xml,14,26_6ecbplus.xml,5,26_6ecbplus.xml,4,26_10ecbplus.xml,6
34_10ecbplus.xml,69,34_7ecbplus.xml,5,34_5ecbplus.xml,14,34_7ecbplus.xml,2
41_5ecbplus.xml,22,41_5ecbplus.xml,4,41_11ecbplus.xml,9,41_1ecbplus.xml,8,41_7ecbplus.xml,6,41_2ecbplus.xml,44
36_3ecbplus.xml,4,36_4ecbplus.xml,14,36_5ecbplus.xml,9,36_6ecbplus.xml,5
28_4ecbplus.xml,32,28_9ecbplus.xml,34
37_1ecbplus.xml,56,37_4ecbplus.xml,54,37_5ecbplus.xml,41,37_7ecbplus.xml,48,37_9ecbplus.xml,12
35_2ecbplus.xml,34,35_3ecbplus.xml,88,35_5ecbplus.xml,28,35_7ecbplus.xml,39,35_10ecbplus.xml,26,35_1ecbplus.xml,36
26_2ecbplus.xml,4,26_11ecbplus.xml,4,26_8ecbplus.xml,3
27_4ecbplus.xml,75,27_10ecbplus.xml,93,27_10ecbplus.xml,92,27_1ecbplus.xml,107,27_6ecbplus.xml,23,27_6ecbplus.xml,57,27_8ecbplus.xml,82
30_12ecbplus.xml,10,30_9ecbplus.xml,83
29_11ecbplus.xml,24,29_1ecbplus.xml,35,29_3ecbplus.xml,15,29_5ecbplus.xml,66,29_6ecbplus.xml,66,29_7ecbplus.xml,40,29_10ecbplus.xml,25,29_10ecbplus.xml,76,29_9ecbplus.xml,65
29_9ecbplus.xml,15,29_1ecbplus.xml,30,29_5ecbplus.xml,31,29_7ecbplus.xml,27,29_8ecbplus.xml,32
38_10ecbplus.xml,14,38_1ecbplus.xml,13,38_2ecbplus.xml,15,38_2ecbplus.xml,13,38_3ecbplus.xml,20,38_5ecbplus.xml,11,38_7ecbplus.xml,12,38_8ecbplus.xml,18,38_9ecbplus.xml,10
30_10ecbplus.xml,46,30_13ecbplus.xml,65,30_2ecbplus.xml,24,30_3ecbplus.xml,29,30_4ecbplus.xml,47,30_5ecbplus.xml,77
40_3ecbplus.xml,15,40_7ecbplus.xml,38,40_1ecbplus.xml,24
31_11ecbplus.xml,22,31_2ecbplus.xml,33,31_5ecbplus.xml,23,31_6ecbplus.xml,18,31_7ecbplus.xml,30
29_12ecbplus.xml,15,29_12ecbplus.xml,21,29_13ecbplus.xml,19,29_13ecbplus.xml,18,29_13ecbplus.xml,22,29_8ecbplus.xml,15
37_4ecbplus.xml,39,37_12ecbplus.xml,67,37_12ecbplus.xml,66,37_9ecbplus.xml,20,37_6ecbplus.xml,21
25_14ecbplus.xml,9,25_3ecbplus.xml,27,25_6ecbplus.xml,15,25_6ecbplus.xml,11,25_7ecbplus.xml,10,25_9ecbplus.xml,21,25_10ecbplus.xml,15
33_11ecbplus.xml,32,33_1ecbplus.xml,71,33_4ecbplus.xml,53,33_5ecbplus.xml,41
39_3ecbplus.xml,16,39_7ecbplus.xml,5,39_11ecbplus.xml,9,39_2ecbplus.xml,9,39_1ecbplus.xml,19,39_3ecbplus.xml,18,39_3ecbplus.xml,78
35_1ecbplus.xml,16,35_3ecbplus.xml,23,35_7ecbplus.xml,13,35_9ecbplus.xml,14,35_10ecbplus.xml,15,35_11ecbplus.xml,19
29_10ecbplus.xml,23,29_1ecbplus.xml,33,29_2ecbplus.xml,25,29_5ecbplus.xml,35,29_7ecbplus.xml,28,29_8ecbplus.xml,28,29_9ecbplus.xml,39
42_10ecbplus.xml,31,42_5ecbplus.xml,13,42_7ecbplus.xml,28,42_8ecbplus.xml,15,42_9ecbplus.xml,41,42_9ecbplus.xml,13,42_10ecbplus.xml,30
32_8ecbplus.xml,66,32_1ecbplus.xml,61,32_2ecbplus.xml,114
32_5ecbplus.xml,28,32_7ecbplus.xml,17,32_8ecbplus.xml,38,32_10ecbplus.xml,19,32_1ecbplus.xml,24,32_4ecbplus.xml,30
33_5ecbplus.xml,20,33_5ecbplus.xml,21,33_5ecbplus.xml,22,33_6ecbplus.xml,93,33_6ecbplus.xml,1,33_9ecbplus.xml,27,33_9ecbplus.xml,29,33_9ecbplus.xml,28
35_10ecbplus.xml,101,35_1ecbplus.xml,108,35_7ecbplus.xml,67
42_3ecbplus.xml,11,42_7ecbplus.xml,40,42_6ecbplus.xml,3,42_4ecbplus.xml,16,42_7ecbplus.xml,34,42_5ecbplus.xml,3,42_2ecbplus.xml,38
38_1ecbplus.xml,18,38_2ecbplus.xml,18,38_5ecbplus.xml,12,38_7ecbplus.xml,26,38_8ecbplus.xml,19,38_9ecbplus.xml,13,38_10ecbplus.xml,15
28_10ecbplus.xml,63,28_2ecbplus.xml,89,28_4ecbplus.xml,75,28_4ecbplus.xml,90,28_7ecbplus.xml,70,28_7ecbplus.xml,69,28_8ecbplus.xml,51,28_8ecbplus.xml,44,28_9ecbplus.xml,87,28_9ecbplus.xml,86
38_7ecbplus.xml,5,38_8ecbplus.xml,6,38_8ecbplus.xml,4
43_11ecbplus.xml,29,43_2ecbplus.xml,32,43_3ecbplus.xml,76,43_5ecbplus.xml,44,43_6ecbplus.xml,16
25_10ecbplus.xml,3,25_15ecbplus.xml,8,25_3ecbplus.xml,33
30_11ecbplus.xml,46,30_12ecbplus.xml,6,30_13ecbplus.xml,51,30_1ecbplus.xml,21,30_8ecbplus.xml,41,30_9ecbplus.xml,78,30_1ecbplus.xml,22
30_10ecbplus.xml,10,30_10ecbplus.xml,9,30_10ecbplus.xml,11,30_13ecbplus.xml,9,30_13ecbplus.xml,10,30_13ecbplus.xml,33,30_13ecbplus.xml,8,30_1ecbplus.xml,5,30_1ecbplus.xml,12
25_6ecbplus.xml,6,25_7ecbplus.xml,23,25_10ecbplus.xml,17,25_9ecbplus.xml,17
33_2ecbplus.xml,22,33_4ecbplus.xml,5,33_6ecbplus.xml,58,33_8ecbplus.xml,12
29_9ecbplus.xml,5,29_12ecbplus.xml,23,29_5ecbplus.xml,21,29_7ecbplus.xml,51,29_1ecbplus.xml,20,29_6ecbplus.xml,7,29_3ecbplus.xml,9
31_10ecbplus.xml,61,31_11ecbplus.xml,37,31_5ecbplus.xml,7,31_6ecbplus.xml,8,31_7ecbplus.xml,5
39_5ecbplus.xml,57,39_4ecbplus.xml,48,39_10ecbplus.xml,63,39_10ecbplus.xml,46,39_11ecbplus.xml,49,39_1ecbplus.xml,51,39_2ecbplus.xml,32
43_4ecbplus.xml,6,43_5ecbplus.xml,49,43_5ecbplus.xml,27,43_5ecbplus.xml,31,43_11ecbplus.xml,26,43_10ecbplus.xml,19
26_1ecbplus.xml,25,26_2ecbplus.xml,34,26_3ecbplus.xml,21,26_8ecbplus.xml,35,26_9ecbplus.xml,21,26_11ecbplus.xml,13
29_10ecbplus.xml,11,29_1ecbplus.xml,15,29_2ecbplus.xml,15,29_2ecbplus.xml,17,29_5ecbplus.xml,16,29_7ecbplus.xml,18,29_7ecbplus.xml,14,29_8ecbplus.xml,8,29_9ecbplus.xml,30
28_4ecbplus.xml,85,28_6ecbplus.xml,70,28_7ecbplus.xml,84,28_8ecbplus.xml,76,28_8ecbplus.xml,54,28_9ecbplus.xml,71,28_10ecbplus.xml,78,28_12ecbplus.xml,93,28_1ecbplus.xml,97,28_1ecbplus.xml,87
24_5ecbplus.xml,20,24_6ecbplus.xml,7,24_7ecbplus.xml,12,24_10ecbplus.xml,16,24_8ecbplus.xml,8,24_11ecbplus.xml,5,24_1ecbplus.xml,11,24_2ecbplus.xml,8
31_9ecbplus.xml,14,31_10ecbplus.xml,14,31_11ecbplus.xml,20,31_4ecbplus.xml,22,31_5ecbplus.xml,20,31_6ecbplus.xml,15,31_7ecbplus.xml,23
26_11ecbplus.xml,18,26_2ecbplus.xml,18,26_4ecbplus.xml,18,26_8ecbplus.xml,21
28_4ecbplus.xml,7,28_6ecbplus.xml,5,28_7ecbplus.xml,49,28_8ecbplus.xml,30,28_9ecbplus.xml,42,28_10ecbplus.xml,30,28_12ecbplus.xml,37
33_8ecbplus.xml,28,33_8ecbplus.xml,27,33_1ecbplus.xml,3,33_7ecbplus.xml,68
33_2ecbplus.xml,16,33_2ecbplus.xml,13,33_8ecbplus.xml,4,33_9ecbplus.xml,6,33_3ecbplus.xml,21,33_6ecbplus.xml,42,33_6ecbplus.xml,61
31_10ecbplus.xml,39,31_9ecbplus.xml,7,31_4ecbplus.xml,16,31_4ecbplus.xml,14,31_3ecbplus.xml,6
30_5ecbplus.xml,52,30_4ecbplus.xml,4,30_4ecbplus.xml,27
36_1ecbplus.xml,5,36_1ecbplus.xml,12,36_2ecbplus.xml,9,36_3ecbplus.xml,13,36_11ecbplus.xml,96,36_11ecbplus.xml,5,36_11ecbplus.xml,99,36_11ecbplus.xml,6,36_2ecbplus.xml,3,36_2ecbplus.xml,55,36_3ecbplus.xml,12,36_2ecbplus.xml,10,36_10ecbplus.xml,4,36_1ecbplus.xml,6,36_4ecbplus.xml,2,36_4ecbplus.xml,13,36_5ecbplus.xml,17,36_5ecbplus.xml,6
31_10ecbplus.xml,78,31_10ecbplus.xml,15,31_11ecbplus.xml,21,31_11ecbplus.xml,16,31_1ecbplus.xml,43,31_2ecbplus.xml,53,31_4ecbplus.xml,23,31_5ecbplus.xml,21,31_6ecbplus.xml,16,31_6ecbplus.xml,12,31_7ecbplus.xml,24,31_7ecbplus.xml,64,31_8ecbplus.xml,10,31_9ecbplus.xml,15
26_1ecbplus.xml,42,26_2ecbplus.xml,22,26_3ecbplus.xml,23,26_4ecbplus.xml,36,26_6ecbplus.xml,13,26_8ecbplus.xml,29
30_7ecbplus.xml,14,30_7ecbplus.xml,7,30_7ecbplus.xml,30,30_10ecbplus.xml,12,30_10ecbplus.xml,17,30_13ecbplus.xml,12,30_1ecbplus.xml,10
25_15ecbplus.xml,4,25_6ecbplus.xml,5,25_9ecbplus.xml,18,25_3ecbplus.xml,32,25_11ecbplus.xml,6,25_5ecbplus.xml,4
32_2ecbplus.xml,62,32_2ecbplus.xml,50,32_4ecbplus.xml,22,32_5ecbplus.xml,23,32_8ecbplus.xml,36,32_9ecbplus.xml,23,32_10ecbplus.xml,29,32_11ecbplus.xml,18,32_1ecbplus.xml,31
33_1ecbplus.xml,67,33_2ecbplus.xml,1,33_3ecbplus.xml,61,33_7ecbplus.xml,63,33_8ecbplus.xml,32,33_8ecbplus.xml,30,33_8ecbplus.xml,31
43_13ecbplus.xml,20,43_14ecbplus.xml,16,43_1ecbplus.xml,20,43_2ecbplus.xml,31,43_3ecbplus.xml,14
33_10ecbplus.xml,46,33_11ecbplus.xml,21
41_9ecbplus.xml,40,41_5ecbplus.xml,53,41_7ecbplus.xml,58
43_15ecbplus.xml,55,43_3ecbplus.xml,11,43_5ecbplus.xml,28
32_3ecbplus.xml,3,32_3ecbplus.xml,49,32_5ecbplus.xml,10,32_5ecbplus.xml,11,32_9ecbplus.xml,11,32_9ecbplus.xml,8
24_7ecbplus.xml,8,24_7ecbplus.xml,2,24_8ecbplus.xml,7,24_8ecbplus.xml,2,24_11ecbplus.xml,8,24_1ecbplus.xml,7,24_1ecbplus.xml,1,24_5ecbplus.xml,15,24_5ecbplus.xml,7,24_6ecbplus.xml,10
41_9ecbplus.xml,4,41_3ecbplus.xml,26
35_6ecbplus.xml,73,35_6ecbplus.xml,74,35_9ecbplus.xml,57
26_1ecbplus.xml,24,26_7ecbplus.xml,17
39_1ecbplus.xml,36,39_8ecbplus.xml,12
30_8ecbplus.xml,43,30_9ecbplus.xml,77,30_12ecbplus.xml,38,30_13ecbplus.xml,59,30_1ecbplus.xml,34
42_3ecbplus.xml,7,42_4ecbplus.xml,9,42_5ecbplus.xml,12,42_6ecbplus.xml,5,42_7ecbplus.xml,39,42_9ecbplus.xml,5,42_1ecbplus.xml,16,42_1ecbplus.xml,17,42_2ecbplus.xml,12
34_1ecbplus.xml,90,34_11ecbplus.xml,89,34_11ecbplus.xml,92,34_8ecbplus.xml,33,34_2ecbplus.xml,137,34_2ecbplus.xml,138
36_1ecbplus.xml,53,36_4ecbplus.xml,6,36_2ecbplus.xml,58,36_2ecbplus.xml,15,36_2ecbplus.xml,4,36_11ecbplus.xml,94,36_11ecbplus.xml,28,36_2ecbplus.xml,77,36_3ecbplus.xml,94,36_4ecbplus.xml,70,36_5ecbplus.xml,128,36_6ecbplus.xml,84,36_8ecbplus.xml,102
41_5ecbplus.xml,52,41_6ecbplus.xml,49,41_7ecbplus.xml,62
36_5ecbplus.xml,84,36_9ecbplus.xml,68,36_2ecbplus.xml,95,36_8ecbplus.xml,24,36_1ecbplus.xml,34,36_3ecbplus.xml,49,36_4ecbplus.xml,25,36_4ecbplus.xml,24
42_1ecbplus.xml,60,42_2ecbplus.xml,37,42_3ecbplus.xml,10,42_4ecbplus.xml,13,42_5ecbplus.xml,8,42_6ecbplus.xml,12,42_7ecbplus.xml,38
31_10ecbplus.xml,40,31_11ecbplus.xml,35,31_5ecbplus.xml,39,31_6ecbplus.xml,42,31_7ecbplus.xml,46,31_8ecbplus.xml,20,31_1ecbplus.xml,29,31_4ecbplus.xml,52
38_2ecbplus.xml,27,38_5ecbplus.xml,19,38_9ecbplus.xml,20,38_1ecbplus.xml,27
32_1ecbplus.xml,48,32_3ecbplus.xml,53,32_3ecbplus.xml,61,32_5ecbplus.xml,42
34_1ecbplus.xml,50,34_3ecbplus.xml,25,34_1ecbplus.xml,14
35_5ecbplus.xml,46,35_5ecbplus.xml,10,35_2ecbplus.xml,38
26_10ecbplus.xml,30,26_10ecbplus.xml,21,26_11ecbplus.xml,22,26_2ecbplus.xml,9,26_3ecbplus.xml,6,26_4ecbplus.xml,41,26_7ecbplus.xml,25,26_8ecbplus.xml,30,26_9ecbplus.xml,26
26_11ecbplus.xml,11,26_2ecbplus.xml,12,26_3ecbplus.xml,11,26_7ecbplus.xml,9,26_8ecbplus.xml,14,26_9ecbplus.xml,10
26_9ecbplus.xml,39,26_4ecbplus.xml,29,26_11ecbplus.xml,41,26_2ecbplus.xml,42,26_3ecbplus.xml,31,26_8ecbplus.xml,43
30_9ecbplus.xml,79,30_9ecbplus.xml,74,30_11ecbplus.xml,18,30_11ecbplus.xml,14,30_12ecbplus.xml,16,30_6ecbplus.xml,49,30_6ecbplus.xml,13,30_6ecbplus.xml,11
37_9ecbplus.xml,35,37_11ecbplus.xml,53,37_11ecbplus.xml,30,37_13ecbplus.xml,42,37_1ecbplus.xml,63,37_4ecbplus.xml,32,37_5ecbplus.xml,46,37_5ecbplus.xml,38
30_10ecbplus.xml,15,30_12ecbplus.xml,18,30_9ecbplus.xml,89
42_4ecbplus.xml,2,42_4ecbplus.xml,3,42_4ecbplus.xml,4,42_6ecbplus.xml,18
25_3ecbplus.xml,36,25_9ecbplus.xml,11,25_15ecbplus.xml,21
38_10ecbplus.xml,8,38_1ecbplus.xml,10,38_5ecbplus.xml,8,38_9ecbplus.xml,7,38_9ecbplus.xml,6
36_4ecbplus.xml,56,36_4ecbplus.xml,57,36_6ecbplus.xml,35,36_3ecbplus.xml,47
29_11ecbplus.xml,69,29_7ecbplus.xml,70,29_8ecbplus.xml,59,29_12ecbplus.xml,67,29_4ecbplus.xml,60,29_4ecbplus.xml,61
41_10ecbplus.xml,13,41_11ecbplus.xml,21,41_10ecbplus.xml,10,41_5ecbplus.xml,18,41_7ecbplus.xml,40,41_8ecbplus.xml,20,41_8ecbplus.xml,85,41_2ecbplus.xml,31,41_10ecbplus.xml,51,41_10ecbplus.xml,50
37_3ecbplus.xml,40,37_6ecbplus.xml,34,37_5ecbplus.xml,9,37_13ecbplus.xml,31,37_5ecbplus.xml,10,37_11ecbplus.xml,42,37_7ecbplus.xml,49,37_1ecbplus.xml,10,37_1ecbplus.xml,12,37_2ecbplus.xml,23,37_3ecbplus.xml,33
31_4ecbplus.xml,15,31_5ecbplus.xml,31,31_7ecbplus.xml,15,31_1ecbplus.xml,5
40_7ecbplus.xml,41,40_3ecbplus.xml,24,40_1ecbplus.xml,40
40_11ecbplus.xml,39,40_5ecbplus.xml,37,40_6ecbplus.xml,46
36_2ecbplus.xml,39,36_2ecbplus.xml,17,36_2ecbplus.xml,16,36_5ecbplus.xml,30,36_5ecbplus.xml,29,36_2ecbplus.xml,105
32_5ecbplus.xml,60,32_8ecbplus.xml,15,32_3ecbplus.xml,37
43_7ecbplus.xml,3,43_5ecbplus.xml,2,43_14ecbplus.xml,8,43_11ecbplus.xml,3,43_4ecbplus.xml,3,43_14ecbplus.xml,10
31_11ecbplus.xml,6,31_4ecbplus.xml,6,31_5ecbplus.xml,6,31_6ecbplus.xml,7,31_7ecbplus.xml,6,31_8ecbplus.xml,23
30_2ecbplus.xml,14,30_3ecbplus.xml,7,30_3ecbplus.xml,8
32_3ecbplus.xml,2,32_3ecbplus.xml,4,32_5ecbplus.xml,9,32_5ecbplus.xml,12,32_9ecbplus.xml,12,32_9ecbplus.xml,7
36_1ecbplus.xml,28,36_2ecbplus.xml,71,36_3ecbplus.xml,29,36_4ecbplus.xml,30,36_5ecbplus.xml,51
39_6ecbplus.xml,55,39_7ecbplus.xml,66,39_11ecbplus.xml,62,39_11ecbplus.xml,61,39_1ecbplus.xml,58,39_11ecbplus.xml,63
30_10ecbplus.xml,39,30_10ecbplus.xml,40,30_13ecbplus.xml,36,30_13ecbplus.xml,35,30_1ecbplus.xml,26
24_11ecbplus.xml,23,24_6ecbplus.xml,29
28_2ecbplus.xml,7,28_5ecbplus.xml,35,28_8ecbplus.xml,2,28_5ecbplus.xml,29,28_11ecbplus.xml,24,28_11ecbplus.xml,23,28_1ecbplus.xml,65,28_1ecbplus.xml,70
36_11ecbplus.xml,7,36_3ecbplus.xml,41,36_5ecbplus.xml,15,36_1ecbplus.xml,69,36_3ecbplus.xml,87,36_3ecbplus.xml,88,36_6ecbplus.xml,77,36_6ecbplus.xml,78
29_7ecbplus.xml,13,29_7ecbplus.xml,76
38_3ecbplus.xml,17,38_6ecbplus.xml,23
33_4ecbplus.xml,54,33_5ecbplus.xml,32,33_7ecbplus.xml,80
33_3ecbplus.xml,56,33_5ecbplus.xml,37,33_11ecbplus.xml,37
33_2ecbplus.xml,62,33_4ecbplus.xml,40
28_9ecbplus.xml,22,28_4ecbplus.xml,39,28_6ecbplus.xml,27,28_7ecbplus.xml,9,28_8ecbplus.xml,10
41_10ecbplus.xml,12,41_8ecbplus.xml,22
24_6ecbplus.xml,20,24_10ecbplus.xml,25,24_11ecbplus.xml,14,24_4ecbplus.xml,15
34_9ecbplus.xml,59,34_11ecbplus.xml,19,34_3ecbplus.xml,26
30_13ecbplus.xml,61,30_13ecbplus.xml,60,30_10ecbplus.xml,68,30_10ecbplus.xml,50,30_10ecbplus.xml,51,30_13ecbplus.xml,62,30_13ecbplus.xml,63
35_6ecbplus.xml,62,35_9ecbplus.xml,50,35_2ecbplus.xml,15
41_10ecbplus.xml,56,41_10ecbplus.xml,7,41_4ecbplus.xml,26,41_6ecbplus.xml,8,41_8ecbplus.xml,4,41_4ecbplus.xml,20
34_10ecbplus.xml,64,34_11ecbplus.xml,81
41_7ecbplus.xml,30,41_11ecbplus.xml,17,41_11ecbplus.xml,18,41_11ecbplus.xml,16,41_1ecbplus.xml,15,41_5ecbplus.xml,24,41_5ecbplus.xml,17
36_3ecbplus.xml,46,36_11ecbplus.xml,51,36_10ecbplus.xml,40,36_9ecbplus.xml,52,36_1ecbplus.xml,52
36_6ecbplus.xml,8,36_4ecbplus.xml,84,36_10ecbplus.xml,5,36_11ecbplus.xml,3,36_2ecbplus.xml,57,36_3ecbplus.xml,8
31_9ecbplus.xml,13,31_11ecbplus.xml,24,31_4ecbplus.xml,25,31_6ecbplus.xml,19,31_11ecbplus.xml,19,31_11ecbplus.xml,17,31_4ecbplus.xml,21,31_5ecbplus.xml,19,31_6ecbplus.xml,14,31_6ecbplus.xml,11
43_9ecbplus.xml,44,43_2ecbplus.xml,28,43_15ecbplus.xml,56,43_5ecbplus.xml,71,43_13ecbplus.xml,17,43_13ecbplus.xml,14,43_14ecbplus.xml,57,43_4ecbplus.xml,17,43_6ecbplus.xml,44
25_15ecbplus.xml,29,25_9ecbplus.xml,13,25_7ecbplus.xml,22,25_7ecbplus.xml,19
24_5ecbplus.xml,16,24_6ecbplus.xml,11,24_7ecbplus.xml,9,24_11ecbplus.xml,9,24_1ecbplus.xml,8,24_2ecbplus.xml,6
33_1ecbplus.xml,27,33_1ecbplus.xml,20,33_2ecbplus.xml,35,33_8ecbplus.xml,17,33_11ecbplus.xml,44
32_1ecbplus.xml,60,32_1ecbplus.xml,62,32_2ecbplus.xml,115,32_10ecbplus.xml,51,32_11ecbplus.xml,30
33_7ecbplus.xml,105,33_2ecbplus.xml,42,33_1ecbplus.xml,28,33_1ecbplus.xml,22,33_3ecbplus.xml,54,33_4ecbplus.xml,29,33_4ecbplus.xml,27,33_8ecbplus.xml,26,33_9ecbplus.xml,16,33_7ecbplus.xml,79
36_2ecbplus.xml,62,36_2ecbplus.xml,54,36_3ecbplus.xml,10,36_4ecbplus.xml,45,36_4ecbplus.xml,3,36_5ecbplus.xml,77,36_5ecbplus.xml,13
24_3ecbplus.xml,2,24_9ecbplus.xml,14,24_4ecbplus.xml,9,24_10ecbplus.xml,2
41_11ecbplus.xml,11,41_1ecbplus.xml,10,41_5ecbplus.xml,34,41_7ecbplus.xml,9
41_4ecbplus.xml,13,41_10ecbplus.xml,46,41_10ecbplus.xml,26,41_8ecbplus.xml,31,41_10ecbplus.xml,43
43_13ecbplus.xml,38,43_1ecbplus.xml,84,43_1ecbplus.xml,85,43_2ecbplus.xml,112,43_5ecbplus.xml,99,43_7ecbplus.xml,86
35_10ecbplus.xml,16,35_11ecbplus.xml,20,35_1ecbplus.xml,17,35_2ecbplus.xml,18,35_3ecbplus.xml,49,35_7ecbplus.xml,14
41_6ecbplus.xml,4,41_2ecbplus.xml,10,41_4ecbplus.xml,38,41_9ecbplus.xml,21,41_4ecbplus.xml,1
33_10ecbplus.xml,27,33_10ecbplus.xml,29,33_11ecbplus.xml,24,33_3ecbplus.xml,102
36_6ecbplus.xml,9,36_3ecbplus.xml,9
43_13ecbplus.xml,26,43_5ecbplus.xml,26,43_7ecbplus.xml,28
27_3ecbplus.xml,37,27_6ecbplus.xml,34,27_9ecbplus.xml,55,27_8ecbplus.xml,89,27_11ecbplus.xml,10,27_3ecbplus.xml,36
39_2ecbplus.xml,7,39_2ecbplus.xml,43,39_2ecbplus.xml,44,39_6ecbplus.xml,7
27_6ecbplus.xml,36,27_8ecbplus.xml,90,27_3ecbplus.xml,40
30_10ecbplus.xml,59,30_13ecbplus.xml,41,30_8ecbplus.xml,35,30_1ecbplus.xml,27
41_11ecbplus.xml,22,41_1ecbplus.xml,23,41_5ecbplus.xml,26,41_7ecbplus.xml,45
35_5ecbplus.xml,35,35_10ecbplus.xml,94,35_7ecbplus.xml,25,35_1ecbplus.xml,98
38_8ecbplus.xml,5,38_6ecbplus.xml,32,38_7ecbplus.xml,4
26_9ecbplus.xml,17,26_10ecbplus.xml,14
30_8ecbplus.xml,7,30_11ecbplus.xml,9
27_7ecbplus.xml,51,27_5ecbplus.xml,21,27_2ecbplus.xml,42,27_2ecbplus.xml,19,27_10ecbplus.xml,79,27_5ecbplus.xml,14,27_10ecbplus.xml,59
33_5ecbplus.xml,36,33_5ecbplus.xml,30,33_6ecbplus.xml,27,33_4ecbplus.xml,39
37_6ecbplus.xml,15,37_1ecbplus.xml,47
39_1ecbplus.xml,48,39_8ecbplus.xml,18,39_8ecbplus.xml,16
37_9ecbplus.xml,9,37_12ecbplus.xml,29,37_12ecbplus.xml,30,37_14ecbplus.xml,38
28_6ecbplus.xml,73,28_7ecbplus.xml,116,28_8ecbplus.xml,79,28_9ecbplus.xml,101
28_11ecbplus.xml,76,28_11ecbplus.xml,78,28_1ecbplus.xml,110,28_1ecbplus.xml,111,28_8ecbplus.xml,78
28_6ecbplus.xml,68,28_7ecbplus.xml,106,28_8ecbplus.xml,74,28_9ecbplus.xml,103
24_11ecbplus.xml,17,24_6ecbplus.xml,14,24_3ecbplus.xml,5
31_4ecbplus.xml,17,31_9ecbplus.xml,11,31_10ecbplus.xml,44,31_2ecbplus.xml,37
31_4ecbplus.xml,60,31_9ecbplus.xml,66,31_7ecbplus.xml,59
27_10ecbplus.xml,27,27_11ecbplus.xml,16,27_1ecbplus.xml,53,27_10ecbplus.xml,34
43_14ecbplus.xml,15,43_2ecbplus.xml,27,43_3ecbplus.xml,13
43_12ecbplus.xml,50,43_11ecbplus.xml,40,43_14ecbplus.xml,26
43_5ecbplus.xml,32,43_13ecbplus.xml,11,43_12ecbplus.xml,11
24_4ecbplus.xml,31,24_5ecbplus.xml,32
34_3ecbplus.xml,7,34_3ecbplus.xml,17,34_4ecbplus.xml,32,34_5ecbplus.xml,22
28_10ecbplus.xml,21,28_2ecbplus.xml,11,28_1ecbplus.xml,7
34_10ecbplus.xml,37,34_1ecbplus.xml,29,34_2ecbplus.xml,20,34_4ecbplus.xml,35
43_12ecbplus.xml,5,43_13ecbplus.xml,6,43_10ecbplus.xml,5,43_11ecbplus.xml,8,43_15ecbplus.xml,30,43_11ecbplus.xml,4,43_11ecbplus.xml,14,43_14ecbplus.xml,7,43_5ecbplus.xml,15
34_9ecbplus.xml,2,34_9ecbplus.xml,90,34_12ecbplus.xml,77,34_9ecbplus.xml,87
27_10ecbplus.xml,96,27_10ecbplus.xml,97,27_6ecbplus.xml,68
30_10ecbplus.xml,37,30_9ecbplus.xml,28,30_10ecbplus.xml,30
33_6ecbplus.xml,2,33_6ecbplus.xml,4,33_9ecbplus.xml,15
38_7ecbplus.xml,2,38_2ecbplus.xml,2,38_2ecbplus.xml,4
40_5ecbplus.xml,3,40_9ecbplus.xml,33
41_11ecbplus.xml,30,41_1ecbplus.xml,28,41_5ecbplus.xml,30,41_7ecbplus.xml,24
29_1ecbplus.xml,76,29_5ecbplus.xml,72,29_6ecbplus.xml,74,29_7ecbplus.xml,74,29_7ecbplus.xml,77,29_9ecbplus.xml,69,29_12ecbplus.xml,69,29_12ecbplus.xml,70
26_11ecbplus.xml,29,26_2ecbplus.xml,31,26_4ecbplus.xml,35,26_8ecbplus.xml,10
30_4ecbplus.xml,12,30_5ecbplus.xml,21,30_5ecbplus.xml,23,30_4ecbplus.xml,13
36_3ecbplus.xml,21,36_4ecbplus.xml,71,36_6ecbplus.xml,37
42_10ecbplus.xml,45,42_2ecbplus.xml,31,42_5ecbplus.xml,9,42_8ecbplus.xml,14
43_2ecbplus.xml,58,43_3ecbplus.xml,71,43_4ecbplus.xml,27,43_5ecbplus.xml,75
25_15ecbplus.xml,22,25_3ecbplus.xml,38,25_10ecbplus.xml,8
38_10ecbplus.xml,7,38_5ecbplus.xml,6
37_12ecbplus.xml,63,37_14ecbplus.xml,28
41_10ecbplus.xml,42,41_8ecbplus.xml,81,41_10ecbplus.xml,65,41_10ecbplus.xml,41
42_10ecbplus.xml,50,42_3ecbplus.xml,24,42_3ecbplus.xml,26,42_4ecbplus.xml,26,42_4ecbplus.xml,28,42_7ecbplus.xml,49
40_7ecbplus.xml,48,40_1ecbplus.xml,43,40_3ecbplus.xml,27
39_3ecbplus.xml,82,39_3ecbplus.xml,83,39_10ecbplus.xml,60,39_1ecbplus.xml,65
43_5ecbplus.xml,14,43_2ecbplus.xml,6,43_11ecbplus.xml,90,43_5ecbplus.xml,16,43_11ecbplus.xml,123,43_3ecbplus.xml,7,43_5ecbplus.xml,93,43_14ecbplus.xml,5
40_7ecbplus.xml,47,40_10ecbplus.xml,7,40_1ecbplus.xml,44,40_6ecbplus.xml,5
35_10ecbplus.xml,69,35_1ecbplus.xml,64,35_2ecbplus.xml,31,35_4ecbplus.xml,52,35_7ecbplus.xml,26
28_2ecbplus.xml,177,28_5ecbplus.xml,152
35_6ecbplus.xml,20,35_9ecbplus.xml,12
27_11ecbplus.xml,40,27_3ecbplus.xml,1,27_3ecbplus.xml,26
24_5ecbplus.xml,31,24_3ecbplus.xml,22,24_6ecbplus.xml,17,24_9ecbplus.xml,20,24_8ecbplus.xml,32,24_4ecbplus.xml,18
33_2ecbplus.xml,9,33_3ecbplus.xml,43,33_5ecbplus.xml,54,33_6ecbplus.xml,72,33_8ecbplus.xml,15
26_8ecbplus.xml,28,26_11ecbplus.xml,20,26_2ecbplus.xml,29
40_1ecbplus.xml,26,40_3ecbplus.xml,5,40_7ecbplus.xml,5
29_7ecbplus.xml,78,29_7ecbplus.xml,80,29_8ecbplus.xml,62,29_5ecbplus.xml,19,29_1ecbplus.xml,11
35_11ecbplus.xml,99,35_3ecbplus.xml,85
29_1ecbplus.xml,31,29_5ecbplus.xml,32,29_9ecbplus.xml,16
25_11ecbplus.xml,33,25_13ecbplus.xml,20,25_8ecbplus.xml,20
37_12ecbplus.xml,59,37_7ecbplus.xml,33,37_8ecbplus.xml,53
32_9ecbplus.xml,13,32_3ecbplus.xml,5,32_5ecbplus.xml,40,32_4ecbplus.xml,18,32_5ecbplus.xml,13,32_3ecbplus.xml,48
31_6ecbplus.xml,17,31_8ecbplus.xml,8,31_9ecbplus.xml,71,31_11ecbplus.xml,23,31_5ecbplus.xml,22
27_8ecbplus.xml,33,27_11ecbplus.xml,106
30_13ecbplus.xml,71,30_10ecbplus.xml,81,30_8ecbplus.xml,3,30_6ecbplus.xml,48
37_10ecbplus.xml,68,37_13ecbplus.xml,35,37_1ecbplus.xml,57,37_6ecbplus.xml,40,37_5ecbplus.xml,42,37_14ecbplus.xml,34
30_8ecbplus.xml,34,30_8ecbplus.xml,38,30_11ecbplus.xml,43
33_3ecbplus.xml,7,33_7ecbplus.xml,7
42_10ecbplus.xml,51,42_5ecbplus.xml,4,42_9ecbplus.xml,23,42_1ecbplus.xml,41,42_2ecbplus.xml,3
36_4ecbplus.xml,27,36_1ecbplus.xml,46,36_3ecbplus.xml,51,36_6ecbplus.xml,31
27_7ecbplus.xml,26,27_8ecbplus.xml,23,27_8ecbplus.xml,22,27_9ecbplus.xml,31,27_4ecbplus.xml,23
25_5ecbplus.xml,23,25_5ecbplus.xml,22
35_10ecbplus.xml,68,35_1ecbplus.xml,118,35_3ecbplus.xml,87,35_11ecbplus.xml,103,35_7ecbplus.xml,54,35_4ecbplus.xml,70
27_11ecbplus.xml,42,27_3ecbplus.xml,19,27_6ecbplus.xml,10
39_11ecbplus.xml,18,39_4ecbplus.xml,20,39_7ecbplus.xml,19
41_8ecbplus.xml,86,41_10ecbplus.xml,72
26_11ecbplus.xml,28,26_2ecbplus.xml,30,26_8ecbplus.xml,8
38_10ecbplus.xml,26,38_4ecbplus.xml,5,38_4ecbplus.xml,2
39_5ecbplus.xml,46,39_6ecbplus.xml,50,39_5ecbplus.xml,15
35_2ecbplus.xml,3,35_3ecbplus.xml,3,35_8ecbplus.xml,4,35_11ecbplus.xml,2
36_11ecbplus.xml,59,36_3ecbplus.xml,28,36_5ecbplus.xml,53
43_3ecbplus.xml,25,43_10ecbplus.xml,26,43_12ecbplus.xml,36
31_1ecbplus.xml,17,31_4ecbplus.xml,36
31_9ecbplus.xml,48,31_4ecbplus.xml,9
29_5ecbplus.xml,18,29_6ecbplus.xml,6,29_9ecbplus.xml,27
41_10ecbplus.xml,6,41_8ecbplus.xml,3,41_6ecbplus.xml,10
36_3ecbplus.xml,15,36_5ecbplus.xml,31,36_6ecbplus.xml,21,36_6ecbplus.xml,22
30_12ecbplus.xml,52,30_9ecbplus.xml,107
43_8ecbplus.xml,3,43_8ecbplus.xml,4,43_13ecbplus.xml,7
33_5ecbplus.xml,33,33_5ecbplus.xml,27,33_9ecbplus.xml,12,33_9ecbplus.xml,18
35_10ecbplus.xml,106,35_11ecbplus.xml,104,35_1ecbplus.xml,115,35_4ecbplus.xml,79
30_7ecbplus.xml,35,30_6ecbplus.xml,55
29_10ecbplus.xml,19,29_3ecbplus.xml,12
41_11ecbplus.xml,24,41_1ecbplus.xml,27,41_5ecbplus.xml,31,41_7ecbplus.xml,51
33_3ecbplus.xml,29,33_8ecbplus.xml,19,33_10ecbplus.xml,32,33_11ecbplus.xml,26
40_1ecbplus.xml,10,40_7ecbplus.xml,10,40_3ecbplus.xml,9
26_11ecbplus.xml,7,26_2ecbplus.xml,7,26_8ecbplus.xml,7
36_1ecbplus.xml,41,36_1ecbplus.xml,42
43_11ecbplus.xml,118,43_7ecbplus.xml,72
29_4ecbplus.xml,68,29_3ecbplus.xml,57,29_4ecbplus.xml,64
30_1ecbplus.xml,47,30_11ecbplus.xml,55
38_3ecbplus.xml,2,38_3ecbplus.xml,33,38_6ecbplus.xml,29,38_6ecbplus.xml,31,38_8ecbplus.xml,2,38_9ecbplus.xml,2
38_10ecbplus.xml,9,38_1ecbplus.xml,11,38_5ecbplus.xml,7,38_9ecbplus.xml,8
39_10ecbplus.xml,61,39_1ecbplus.xml,62,39_11ecbplus.xml,66,39_2ecbplus.xml,42
34_5ecbplus.xml,26,34_5ecbplus.xml,71,34_6ecbplus.xml,5,34_6ecbplus.xml,58
29_9ecbplus.xml,71,29_1ecbplus.xml,70,29_5ecbplus.xml,68
40_4ecbplus.xml,4,40_4ecbplus.xml,6
41_6ecbplus.xml,51,41_11ecbplus.xml,4,41_3ecbplus.xml,30,41_3ecbplus.xml,28
34_4ecbplus.xml,57,34_9ecbplus.xml,72,34_3ecbplus.xml,20
24_10ecbplus.xml,29,24_1ecbplus.xml,19,24_7ecbplus.xml,23,24_5ecbplus.xml,36
37_12ecbplus.xml,39,37_13ecbplus.xml,32
43_11ecbplus.xml,38,43_3ecbplus.xml,63,43_5ecbplus.xml,62
41_11ecbplus.xml,13,41_1ecbplus.xml,12,41_5ecbplus.xml,35,41_7ecbplus.xml,12
30_1ecbplus.xml,14,30_7ecbplus.xml,15,30_1ecbplus.xml,6
24_11ecbplus.xml,20,24_1ecbplus.xml,28,24_5ecbplus.xml,26,24_6ecbplus.xml,23,24_7ecbplus.xml,35
35_9ecbplus.xml,55,35_2ecbplus.xml,52,35_3ecbplus.xml,70,35_6ecbplus.xml,50
35_6ecbplus.xml,21,35_6ecbplus.xml,19,35_9ecbplus.xml,13
37_4ecbplus.xml,64,37_1ecbplus.xml,72,37_3ecbplus.xml,88,37_3ecbplus.xml,89,37_14ecbplus.xml,56
34_1ecbplus.xml,52,34_5ecbplus.xml,78
32_3ecbplus.xml,76,32_5ecbplus.xml,87
32_2ecbplus.xml,111,32_4ecbplus.xml,60,32_4ecbplus.xml,63,32_9ecbplus.xml,63
34_2ecbplus.xml,128,34_5ecbplus.xml,75,34_9ecbplus.xml,65
33_3ecbplus.xml,64,33_4ecbplus.xml,17
31_2ecbplus.xml,35,31_10ecbplus.xml,77,31_2ecbplus.xml,8
32_3ecbplus.xml,52,32_5ecbplus.xml,41
29_9ecbplus.xml,24,29_5ecbplus.xml,54,29_1ecbplus.xml,13
42_1ecbplus.xml,51,42_3ecbplus.xml,6,42_4ecbplus.xml,17
40_9ecbplus.xml,13,40_6ecbplus.xml,4
38_1ecbplus.xml,24,38_7ecbplus.xml,8
26_11ecbplus.xml,31,26_8ecbplus.xml,27
27_3ecbplus.xml,4,27_8ecbplus.xml,19
37_7ecbplus.xml,16,37_9ecbplus.xml,27,37_1ecbplus.xml,41,37_4ecbplus.xml,42
40_4ecbplus.xml,37,40_10ecbplus.xml,39,40_10ecbplus.xml,38
39_3ecbplus.xml,9,39_8ecbplus.xml,7
30_1ecbplus.xml,54,30_5ecbplus.xml,22,30_7ecbplus.xml,8,30_2ecbplus.xml,18,30_3ecbplus.xml,11
32_1ecbplus.xml,41,32_8ecbplus.xml,48
40_5ecbplus.xml,6,40_10ecbplus.xml,19,40_11ecbplus.xml,15,40_2ecbplus.xml,13
35_6ecbplus.xml,60,35_11ecbplus.xml,95
40_1ecbplus.xml,41,40_3ecbplus.xml,25,40_7ecbplus.xml,40
24_9ecbplus.xml,23,24_3ecbplus.xml,27
33_10ecbplus.xml,35,33_5ecbplus.xml,59
37_11ecbplus.xml,16,37_5ecbplus.xml,23
41_11ecbplus.xml,12,41_1ecbplus.xml,11,41_5ecbplus.xml,37,41_7ecbplus.xml,11
33_1ecbplus.xml,1,33_1ecbplus.xml,74
39_10ecbplus.xml,9,39_5ecbplus.xml,13
33_10ecbplus.xml,36,33_8ecbplus.xml,18,33_11ecbplus.xml,47
32_4ecbplus.xml,31,32_1ecbplus.xml,26
39_7ecbplus.xml,67,39_2ecbplus.xml,25,39_2ecbplus.xml,2
41_8ecbplus.xml,2,41_1ecbplus.xml,3
27_9ecbplus.xml,54,27_11ecbplus.xml,51,27_3ecbplus.xml,118,27_6ecbplus.xml,38
30_1ecbplus.xml,24,30_1ecbplus.xml,23
39_2ecbplus.xml,11,39_2ecbplus.xml,12
38_11ecbplus.xml,2,38_11ecbplus.xml,4
41_11ecbplus.xml,23,41_1ecbplus.xml,24,41_5ecbplus.xml,27,41_7ecbplus.xml,46
25_8ecbplus.xml,11,25_15ecbplus.xml,40,25_8ecbplus.xml,12
30_8ecbplus.xml,68,30_10ecbplus.xml,80
36_3ecbplus.xml,3,36_6ecbplus.xml,3
41_8ecbplus.xml,30,41_10ecbplus.xml,27
33_10ecbplus.xml,31,33_10ecbplus.xml,38
26_2ecbplus.xml,32,26_8ecbplus.xml,11,26_11ecbplus.xml,30
25_5ecbplus.xml,9,25_9ecbplus.xml,10
40_6ecbplus.xml,30,40_10ecbplus.xml,41,40_11ecbplus.xml,32
35_3ecbplus.xml,52,35_8ecbplus.xml,11
31_1ecbplus.xml,44,31_7ecbplus.xml,63
38_11ecbplus.xml,35,38_11ecbplus.xml,36
30_6ecbplus.xml,59,30_6ecbplus.xml,62
25_15ecbplus.xml,17,25_5ecbplus.xml,17,25_7ecbplus.xml,29
31_10ecbplus.xml,8,31_7ecbplus.xml,19
29_5ecbplus.xml,55,29_9ecbplus.xml,25
41_5ecbplus.xml,13,41_6ecbplus.xml,25
33_8ecbplus.xml,13,33_10ecbplus.xml,12
27_10ecbplus.xml,80,27_1ecbplus.xml,55
27_6ecbplus.xml,54,27_3ecbplus.xml,105
38_11ecbplus.xml,37,38_11ecbplus.xml,38
40_6ecbplus.xml,12,40_7ecbplus.xml,37,40_3ecbplus.xml,17,40_1ecbplus.xml,33
41_11ecbplus.xml,3,41_3ecbplus.xml,15
34_11ecbplus.xml,6,34_11ecbplus.xml,7
43_9ecbplus.xml,5,43_3ecbplus.xml,6,43_3ecbplus.xml,8
24_6ecbplus.xml,5,24_8ecbplus.xml,24,24_11ecbplus.xml,3
32_11ecbplus.xml,29,32_2ecbplus.xml,109
32_2ecbplus.xml,61,32_8ecbplus.xml,35
28_1ecbplus.xml,62,28_2ecbplus.xml,3
39_1ecbplus.xml,18,39_9ecbplus.xml,16
40_7ecbplus.xml,9,40_1ecbplus.xml,28,40_3ecbplus.xml,8
41_10ecbplus.xml,5,41_6ecbplus.xml,6
40_10ecbplus.xml,18,40_2ecbplus.xml,15
37_6ecbplus.xml,35,37_3ecbplus.xml,34,37_3ecbplus.xml,39
30_13ecbplus.xml,43,30_13ecbplus.xml,70
32_7ecbplus.xml,13,32_1ecbplus.xml,23
43_7ecbplus.xml,34,43_15ecbplus.xml,39,43_5ecbplus.xml,57
27_4ecbplus.xml,30,27_4ecbplus.xml,31
38_7ecbplus.xml,30,38_8ecbplus.xml,16
26_1ecbplus.xml,2,26_4ecbplus.xml,3,26_1ecbplus.xml,4
24_10ecbplus.xml,34,24_5ecbplus.xml,24
43_1ecbplus.xml,24,43_2ecbplus.xml,108,43_9ecbplus.xml,17
41_3ecbplus.xml,6,41_2ecbplus.xml,8,41_2ecbplus.xml,9
32_7ecbplus.xml,5,32_7ecbplus.xml,9
37_4ecbplus.xml,47,37_9ecbplus.xml,28,37_1ecbplus.xml,40
24_7ecbplus.xml,29,24_10ecbplus.xml,33,24_1ecbplus.xml,33
28_7ecbplus.xml,108,28_8ecbplus.xml,62,28_9ecbplus.xml,94
29_6ecbplus.xml,70,29_6ecbplus.xml,75
35_11ecbplus.xml,92,35_11ecbplus.xml,47
43_9ecbplus.xml,45,43_13ecbplus.xml,37
43_3ecbplus.xml,15,43_13ecbplus.xml,21
39_6ecbplus.xml,35,39_7ecbplus.xml,58,39_3ecbplus.xml,42,39_5ecbplus.xml,26
32_1ecbplus.xml,2,32_7ecbplus.xml,3,32_7ecbplus.xml,6
34_4ecbplus.xml,34,34_4ecbplus.xml,49,34_3ecbplus.xml,10
37_5ecbplus.xml,31,37_4ecbplus.xml,35
28_5ecbplus.xml,59,28_12ecbplus.xml,63
29_1ecbplus.xml,68,29_6ecbplus.xml,62,29_9ecbplus.xml,59
24_8ecbplus.xml,13,24_1ecbplus.xml,26
27_11ecbplus.xml,18,27_3ecbplus.xml,39,27_6ecbplus.xml,35
41_5ecbplus.xml,7,41_7ecbplus.xml,8
41_10ecbplus.xml,24,41_8ecbplus.xml,36
35_11ecbplus.xml,14,35_2ecbplus.xml,14
33_3ecbplus.xml,51,33_10ecbplus.xml,39,33_8ecbplus.xml,23,33_7ecbplus.xml,123
39_2ecbplus.xml,35,39_2ecbplus.xml,17
43_1ecbplus.xml,11,43_1ecbplus.xml,80
33_10ecbplus.xml,33,33_11ecbplus.xml,22
37_12ecbplus.xml,31,37_14ecbplus.xml,39
40_4ecbplus.xml,5,40_4ecbplus.xml,11
28_10ecbplus.xml,89,28_1ecbplus.xml,106
42_10ecbplus.xml,33,42_7ecbplus.xml,29
33_4ecbplus.xml,24,33_6ecbplus.xml,67
30_5ecbplus.xml,53,30_6ecbplus.xml,37
36_3ecbplus.xml,43,36_5ecbplus.xml,14
33_2ecbplus.xml,49,33_3ecbplus.xml,57
39_3ecbplus.xml,66,39_3ecbplus.xml,67
36_7ecbplus.xml,34,36_9ecbplus.xml,30,36_9ecbplus.xml,23
36_7ecbplus.xml,1,36_10ecbplus.xml,62,36_7ecbplus.xml,12
33_11ecbplus.xml,13,33_3ecbplus.xml,22
30_2ecbplus.xml,13,30_2ecbplus.xml,12
31_9ecbplus.xml,67,31_1ecbplus.xml,38
33_1ecbplus.xml,50,33_8ecbplus.xml,3,33_8ecbplus.xml,1
41_10ecbplus.xml,11,41_8ecbplus.xml,21,41_1ecbplus.xml,25,41_5ecbplus.xml,38
33_2ecbplus.xml,52,33_5ecbplus.xml,29
33_2ecbplus.xml,29,33_5ecbplus.xml,12
40_11ecbplus.xml,49,40_8ecbplus.xml,35
30_1ecbplus.xml,35,30_9ecbplus.xml,53
32_2ecbplus.xml,79,32_1ecbplus.xml,8
39_4ecbplus.xml,15,39_7ecbplus.xml,15
24_4ecbplus.xml,2,24_4ecbplus.xml,6
35_3ecbplus.xml,51,35_8ecbplus.xml,10
37_4ecbplus.xml,14,37_4ecbplus.xml,13
29_13ecbplus.xml,42,29_13ecbplus.xml,41
32_3ecbplus.xml,7,32_5ecbplus.xml,15
33_2ecbplus.xml,30,33_2ecbplus.xml,14
34_4ecbplus.xml,39,34_4ecbplus.xml,40
33_10ecbplus.xml,82,33_8ecbplus.xml,44
31_7ecbplus.xml,27,31_1ecbplus.xml,15
37_11ecbplus.xml,52,37_11ecbplus.xml,37
36_10ecbplus.xml,63,36_10ecbplus.xml,64
43_1ecbplus.xml,4,43_2ecbplus.xml,8
26_6ecbplus.xml,7,26_9ecbplus.xml,11
33_1ecbplus.xml,18,33_8ecbplus.xml,43,33_3ecbplus.xml,27
30_3ecbplus.xml,26,30_2ecbplus.xml,27
41_5ecbplus.xml,6,41_7ecbplus.xml,4
41_5ecbplus.xml,21,41_7ecbplus.xml,5
42_10ecbplus.xml,14,42_8ecbplus.xml,8
30_5ecbplus.xml,16,30_5ecbplus.xml,12
38_1ecbplus.xml,23,38_8ecbplus.xml,22
42_10ecbplus.xml,18,42_2ecbplus.xml,14
30_4ecbplus.xml,39,30_4ecbplus.xml,40
27_11ecbplus.xml,43,27_3ecbplus.xml,102,27_6ecbplus.xml,29
24_6ecbplus.xml,1,24_11ecbplus.xml,2
31_5ecbplus.xml,52,31_7ecbplus.xml,72
29_6ecbplus.xml,2,29_10ecbplus.xml,2
30_12ecbplus.xml,42,30_9ecbplus.xml,69
30_9ecbplus.xml,68,30_12ecbplus.xml,46
27_7ecbplus.xml,102,27_6ecbplus.xml,9
31_10ecbplus.xml,13,31_7ecbplus.xml,22
34_12ecbplus.xml,60,34_3ecbplus.xml,4
39_2ecbplus.xml,20,39_6ecbplus.xml,13
33_9ecbplus.xml,21,33_1ecbplus.xml,29
31_7ecbplus.xml,25,31_10ecbplus.xml,32
43_3ecbplus.xml,4,43_5ecbplus.xml,87
39_2ecbplus.xml,38,39_7ecbplus.xml,64
29_12ecbplus.xml,17,29_12ecbplus.xml,16
37_5ecbplus.xml,35,37_6ecbplus.xml,47
39_4ecbplus.xml,47,39_4ecbplus.xml,44
36_10ecbplus.xml,14,36_11ecbplus.xml,33
33_7ecbplus.xml,106,33_1ecbplus.xml,23
29_13ecbplus.xml,21,29_2ecbplus.xml,95,29_8ecbplus.xml,26
36_5ecbplus.xml,79,36_5ecbplus.xml,16
25_9ecbplus.xml,16,25_9ecbplus.xml,19
33_1ecbplus.xml,77,33_9ecbplus.xml,5
36_8ecbplus.xml,26,36_5ecbplus.xml,54
41_2ecbplus.xml,53,41_3ecbplus.xml,23
41_1ecbplus.xml,32,41_2ecbplus.xml,21
36_3ecbplus.xml,95,36_4ecbplus.xml,89
34_4ecbplus.xml,45,34_1ecbplus.xml,84
36_2ecbplus.xml,106,36_5ecbplus.xml,35
39_6ecbplus.xml,2,39_5ecbplus.xml,52
33_3ecbplus.xml,28,33_11ecbplus.xml,46
28_1ecbplus.xml,2,28_1ecbplus.xml,68
43_6ecbplus.xml,35,43_12ecbplus.xml,63,43_15ecbplus.xml,29
38_3ecbplus.xml,10,38_8ecbplus.xml,26
31_10ecbplus.xml,35,31_3ecbplus.xml,18
42_7ecbplus.xml,23,42_5ecbplus.xml,10
35_3ecbplus.xml,47
35_4ecbplus.xml,38
35_11ecbplus.xml,45
35_3ecbplus.xml,13
35_3ecbplus.xml,12
35_4ecbplus.xml,81
35_6ecbplus.xml,47
35_9ecbplus.xml,10
35_7ecbplus.xml,72
35_3ecbplus.xml,73
35_6ecbplus.xml,22
35_5ecbplus.xml,23
35_3ecbplus.xml,22
35_7ecbplus.xml,9
35_9ecbplus.xml,15
36_4ecbplus.xml,93
36_2ecbplus.xml,51
36_10ecbplus.xml,6
36_5ecbplus.xml,82
36_2ecbplus.xml,80
36_4ecbplus.xml,58
36_5ecbplus.xml,127
36_7ecbplus.xml,51
36_8ecbplus.xml,92
36_2ecbplus.xml,68
36_4ecbplus.xml,34
36_11ecbplus.xml,27
36_3ecbplus.xml,25
36_7ecbplus.xml,78
36_9ecbplus.xml,41
36_1ecbplus.xml,65
36_3ecbplus.xml,45
36_1ecbplus.xml,15
36_1ecbplus.xml,14
36_1ecbplus.xml,26
36_4ecbplus.xml,23
36_2ecbplus.xml,97
36_5ecbplus.xml,130
36_4ecbplus.xml,66
36_2ecbplus.xml,94
36_5ecbplus.xml,2
36_9ecbplus.xml,8
36_3ecbplus.xml,14
36_1ecbplus.xml,47
36_1ecbplus.xml,66
36_1ecbplus.xml,68
36_11ecbplus.xml,97
37_7ecbplus.xml,15
37_3ecbplus.xml,28
37_5ecbplus.xml,34
37_10ecbplus.xml,39
37_5ecbplus.xml,25
37_5ecbplus.xml,11
37_11ecbplus.xml,4
37_12ecbplus.xml,3
37_13ecbplus.xml,3
37_14ecbplus.xml,3
37_2ecbplus.xml,5
37_5ecbplus.xml,4
37_7ecbplus.xml,4
37_8ecbplus.xml,3
37_9ecbplus.xml,5
37_12ecbplus.xml,4
37_12ecbplus.xml,8
37_13ecbplus.xml,56
37_1ecbplus.xml,67
37_10ecbplus.xml,69
37_10ecbplus.xml,77
37_7ecbplus.xml,3
37_8ecbplus.xml,2
37_10ecbplus.xml,74
37_12ecbplus.xml,79
37_10ecbplus.xml,21
37_5ecbplus.xml,18
37_11ecbplus.xml,51
37_12ecbplus.xml,43
37_3ecbplus.xml,63
37_7ecbplus.xml,60
37_8ecbplus.xml,28
37_10ecbplus.xml,18
37_8ecbplus.xml,48
37_14ecbplus.xml,22
37_13ecbplus.xml,13
37_14ecbplus.xml,10
37_3ecbplus.xml,11
37_6ecbplus.xml,58
38_11ecbplus.xml,28
38_3ecbplus.xml,19
38_6ecbplus.xml,11
38_10ecbplus.xml,25
38_1ecbplus.xml,29
38_2ecbplus.xml,28
38_5ecbplus.xml,17
38_6ecbplus.xml,28
38_9ecbplus.xml,19
38_1ecbplus.xml,3
38_11ecbplus.xml,11
38_8ecbplus.xml,25
38_8ecbplus.xml,13
38_7ecbplus.xml,22
38_7ecbplus.xml,35
38_3ecbplus.xml,7
38_4ecbplus.xml,8
38_4ecbplus.xml,4
38_7ecbplus.xml,17
38_2ecbplus.xml,10
38_11ecbplus.xml,34
38_11ecbplus.xml,16
38_6ecbplus.xml,14
39_7ecbplus.xml,65
39_5ecbplus.xml,6
39_3ecbplus.xml,76
39_7ecbplus.xml,68
39_2ecbplus.xml,8
39_5ecbplus.xml,37
39_5ecbplus.xml,43
39_5ecbplus.xml,36
39_5ecbplus.xml,12
39_9ecbplus.xml,4
39_1ecbplus.xml,32
39_6ecbplus.xml,16
39_9ecbplus.xml,19
39_6ecbplus.xml,59
39_9ecbplus.xml,47
39_10ecbplus.xml,40
39_11ecbplus.xml,34
39_2ecbplus.xml,10
39_6ecbplus.xml,17
39_6ecbplus.xml,14
39_8ecbplus.xml,26
39_10ecbplus.xml,50
39_4ecbplus.xml,32
39_5ecbplus.xml,25
39_11ecbplus.xml,65
39_5ecbplus.xml,34
39_10ecbplus.xml,19
39_8ecbplus.xml,17
39_10ecbplus.xml,18
39_2ecbplus.xml,41
40_4ecbplus.xml,7
40_8ecbplus.xml,13
40_11ecbplus.xml,17
40_10ecbplus.xml,4
40_10ecbplus.xml,26
40_10ecbplus.xml,29
40_9ecbplus.xml,30
40_2ecbplus.xml,12
40_10ecbplus.xml,9
40_11ecbplus.xml,30
40_4ecbplus.xml,9
40_5ecbplus.xml,31
40_2ecbplus.xml,16
41_6ecbplus.xml,11
41_4ecbplus.xml,45
41_4ecbplus.xml,35
41_4ecbplus.xml,32
41_4ecbplus.xml,47
41_2ecbplus.xml,25
41_8ecbplus.xml,25
41_4ecbplus.xml,46
41_5ecbplus.xml,48
41_5ecbplus.xml,50
41_6ecbplus.xml,27
41_7ecbplus.xml,59
41_9ecbplus.xml,38
41_9ecbplus.xml,41
41_2ecbplus.xml,20
41_2ecbplus.xml,13
41_6ecbplus.xml,9
41_4ecbplus.xml,27
41_1ecbplus.xml,34
41_10ecbplus.xml,47
41_10ecbplus.xml,40
41_10ecbplus.xml,45
41_10ecbplus.xml,3
41_6ecbplus.xml,5
41_3ecbplus.xml,29
41_2ecbplus.xml,1
41_7ecbplus.xml,31
41_2ecbplus.xml,12
41_1ecbplus.xml,7
41_4ecbplus.xml,3
41_4ecbplus.xml,41
41_4ecbplus.xml,43
41_3ecbplus.xml,7
41_6ecbplus.xml,7
41_9ecbplus.xml,3
41_3ecbplus.xml,17
41_2ecbplus.xml,11
41_2ecbplus.xml,4
41_6ecbplus.xml,30
42_7ecbplus.xml,46
42_6ecbplus.xml,7
42_1ecbplus.xml,21
42_1ecbplus.xml,22
42_1ecbplus.xml,20
42_9ecbplus.xml,35
42_1ecbplus.xml,42
42_9ecbplus.xml,24
42_5ecbplus.xml,14
42_9ecbplus.xml,57
42_1ecbplus.xml,54
42_9ecbplus.xml,16
42_9ecbplus.xml,44
42_9ecbplus.xml,46
42_9ecbplus.xml,2
43_14ecbplus.xml,60
43_4ecbplus.xml,52
43_5ecbplus.xml,34
43_7ecbplus.xml,90
43_3ecbplus.xml,24
43_1ecbplus.xml,78
43_11ecbplus.xml,39
43_14ecbplus.xml,3
43_5ecbplus.xml,86
43_6ecbplus.xml,6
43_12ecbplus.xml,54
43_1ecbplus.xml,32
43_11ecbplus.xml,24
43_11ecbplus.xml,13
43_3ecbplus.xml,59
43_11ecbplus.xml,43
43_15ecbplus.xml,11
43_1ecbplus.xml,45
43_8ecbplus.xml,11
43_4ecbplus.xml,50
43_10ecbplus.xml,28
43_9ecbplus.xml,28
43_12ecbplus.xml,67
43_5ecbplus.xml,41
43_11ecbplus.xml,79
43_11ecbplus.xml,71
43_5ecbplus.xml,91
43_13ecbplus.xml,19
24_8ecbplus.xml,35
24_5ecbplus.xml,33
24_10ecbplus.xml,11
24_9ecbplus.xml,10
24_4ecbplus.xml,24
24_9ecbplus.xml,13
24_10ecbplus.xml,8
24_5ecbplus.xml,8
24_10ecbplus.xml,7
24_9ecbplus.xml,7
24_4ecbplus.xml,20
24_6ecbplus.xml,3
24_2ecbplus.xml,22
24_4ecbplus.xml,12
24_5ecbplus.xml,23
24_6ecbplus.xml,31
24_7ecbplus.xml,33
24_9ecbplus.xml,31
24_3ecbplus.xml,41
24_6ecbplus.xml,45
24_9ecbplus.xml,44
24_10ecbplus.xml,48
24_11ecbplus.xml,22
24_7ecbplus.xml,31
25_13ecbplus.xml,13
25_8ecbplus.xml,9
25_10ecbplus.xml,44
25_9ecbplus.xml,34
25_10ecbplus.xml,19
25_10ecbplus.xml,18
25_15ecbplus.xml,41
25_3ecbplus.xml,19
25_5ecbplus.xml,5
25_10ecbplus.xml,26
25_11ecbplus.xml,15
25_13ecbplus.xml,5
25_5ecbplus.xml,27
25_15ecbplus.xml,10
26_10ecbplus.xml,29
26_6ecbplus.xml,14
26_1ecbplus.xml,37
26_5ecbplus.xml,2
26_6ecbplus.xml,11
26_10ecbplus.xml,10
26_7ecbplus.xml,10
26_1ecbplus.xml,50
26_4ecbplus.xml,25
26_4ecbplus.xml,24
26_6ecbplus.xml,8
26_6ecbplus.xml,21
26_11ecbplus.xml,1
26_2ecbplus.xml,21
26_8ecbplus.xml,4
27_9ecbplus.xml,56
27_6ecbplus.xml,67
27_3ecbplus.xml,79
27_8ecbplus.xml,39
27_10ecbplus.xml,42
27_7ecbplus.xml,103
27_10ecbplus.xml,12
27_3ecbplus.xml,68
27_4ecbplus.xml,22
27_9ecbplus.xml,33
27_7ecbplus.xml,104
27_7ecbplus.xml,24
27_3ecbplus.xml,27
27_11ecbplus.xml,41
27_3ecbplus.xml,20
27_8ecbplus.xml,92
27_8ecbplus.xml,91
27_3ecbplus.xml,97
27_9ecbplus.xml,97
27_9ecbplus.xml,93
27_3ecbplus.xml,80
27_8ecbplus.xml,40
27_4ecbplus.xml,28
27_7ecbplus.xml,89
27_4ecbplus.xml,101
27_10ecbplus.xml,10
27_11ecbplus.xml,13
27_3ecbplus.xml,111
27_4ecbplus.xml,100
27_7ecbplus.xml,25
28_2ecbplus.xml,172
28_1ecbplus.xml,3
28_5ecbplus.xml,142
28_12ecbplus.xml,64
28_1ecbplus.xml,64
28_2ecbplus.xml,147
28_3ecbplus.xml,127
28_5ecbplus.xml,30
28_8ecbplus.xml,50
28_5ecbplus.xml,90
28_11ecbplus.xml,41
28_11ecbplus.xml,42
28_2ecbplus.xml,149
28_3ecbplus.xml,98
28_5ecbplus.xml,150
28_3ecbplus.xml,36
28_1ecbplus.xml,9
28_2ecbplus.xml,148
28_3ecbplus.xml,118
28_2ecbplus.xml,175
28_5ecbplus.xml,32
28_1ecbplus.xml,112
28_3ecbplus.xml,37
29_12ecbplus.xml,71
29_12ecbplus.xml,73
29_6ecbplus.xml,76
29_10ecbplus.xml,18
29_11ecbplus.xml,61
29_1ecbplus.xml,37
29_10ecbplus.xml,17
29_10ecbplus.xml,24
29_11ecbplus.xml,23
29_3ecbplus.xml,20
29_3ecbplus.xml,17
29_8ecbplus.xml,16
29_1ecbplus.xml,4
29_7ecbplus.xml,6
29_6ecbplus.xml,11
29_2ecbplus.xml,97
29_8ecbplus.xml,24
29_8ecbplus.xml,31
29_11ecbplus.xml,22
29_3ecbplus.xml,14
29_4ecbplus.xml,17
29_6ecbplus.xml,12
29_7ecbplus.xml,39
29_13ecbplus.xml,47
30_9ecbplus.xml,109
30_10ecbplus.xml,82
30_12ecbplus.xml,48
30_8ecbplus.xml,71
30_9ecbplus.xml,70
30_1ecbplus.xml,51
30_6ecbplus.xml,5
30_7ecbplus.xml,41
30_2ecbplus.xml,6
30_3ecbplus.xml,64
30_4ecbplus.xml,24
30_11ecbplus.xml,45
30_13ecbplus.xml,54
30_1ecbplus.xml,52
30_6ecbplus.xml,64
30_9ecbplus.xml,88
30_11ecbplus.xml,71
30_13ecbplus.xml,80
30_11ecbplus.xml,49
30_6ecbplus.xml,36
30_11ecbplus.xml,15
30_5ecbplus.xml,64
30_5ecbplus.xml,15
30_6ecbplus.xml,63
30_1ecbplus.xml,41
30_1ecbplus.xml,4
31_5ecbplus.xml,30
31_2ecbplus.xml,54
31_8ecbplus.xml,41
31_7ecbplus.xml,21
31_6ecbplus.xml,36
31_4ecbplus.xml,55
31_4ecbplus.xml,18
31_2ecbplus.xml,57
31_8ecbplus.xml,39
31_3ecbplus.xml,5
31_7ecbplus.xml,51
31_4ecbplus.xml,37
31_4ecbplus.xml,70
31_4ecbplus.xml,69
31_4ecbplus.xml,71
31_10ecbplus.xml,9
32_9ecbplus.xml,9
32_3ecbplus.xml,87
32_8ecbplus.xml,1
32_10ecbplus.xml,36
32_1ecbplus.xml,40
32_4ecbplus.xml,38
32_6ecbplus.xml,36
32_8ecbplus.xml,47
32_9ecbplus.xml,44
32_4ecbplus.xml,61
32_10ecbplus.xml,15
32_1ecbplus.xml,53
32_1ecbplus.xml,52
32_2ecbplus.xml,116
32_3ecbplus.xml,67
32_5ecbplus.xml,4
32_7ecbplus.xml,2
32_5ecbplus.xml,85
32_10ecbplus.xml,8
32_10ecbplus.xml,9
32_2ecbplus.xml,48
32_3ecbplus.xml,95
33_5ecbplus.xml,26
33_5ecbplus.xml,51
33_1ecbplus.xml,64
33_5ecbplus.xml,35
33_1ecbplus.xml,85
33_6ecbplus.xml,25
33_10ecbplus.xml,3
33_11ecbplus.xml,1
33_3ecbplus.xml,99
33_6ecbplus.xml,37
33_7ecbplus.xml,4
33_5ecbplus.xml,13
33_6ecbplus.xml,3
33_9ecbplus.xml,14
33_1ecbplus.xml,8
33_2ecbplus.xml,33
33_2ecbplus.xml,40
33_3ecbplus.xml,53
33_1ecbplus.xml,82
33_7ecbplus.xml,121
33_7ecbplus.xml,103
33_2ecbplus.xml,50
33_7ecbplus.xml,122
33_6ecbplus.xml,6
33_6ecbplus.xml,29
33_1ecbplus.xml,15
33_11ecbplus.xml,28
33_10ecbplus.xml,6
33_8ecbplus.xml,7
33_3ecbplus.xml,119
33_4ecbplus.xml,69
33_11ecbplus.xml,45
33_3ecbplus.xml,90
33_2ecbplus.xml,69
33_2ecbplus.xml,36
33_3ecbplus.xml,31
33_7ecbplus.xml,125
33_7ecbplus.xml,71
33_1ecbplus.xml,14
33_1ecbplus.xml,44
33_1ecbplus.xml,52
33_4ecbplus.xml,1
33_5ecbplus.xml,31
33_2ecbplus.xml,5
33_10ecbplus.xml,66
33_8ecbplus.xml,35
33_5ecbplus.xml,67
34_12ecbplus.xml,8
34_4ecbplus.xml,62
34_10ecbplus.xml,38
34_9ecbplus.xml,53
34_3ecbplus.xml,9
34_4ecbplus.xml,13
34_6ecbplus.xml,4
34_10ecbplus.xml,70
34_11ecbplus.xml,42
34_12ecbplus.xml,78
34_7ecbplus.xml,53
34_7ecbplus.xml,62
34_5ecbplus.xml,69
34_5ecbplus.xml,15
34_5ecbplus.xml,91
34_5ecbplus.xml,92
34_4ecbplus.xml,43
34_4ecbplus.xml,41
34_11ecbplus.xml,91
34_6ecbplus.xml,84
34_2ecbplus.xml,21
35_7ecbplus.xml,60
35_3ecbplus.xml,71
35_3ecbplus.xml,83
35_4ecbplus.xml,73
